id,nombre,contacto,telefono,email
1,Griego y Laureano S.C.,Hugo Genaro Jurado,1-581-223-6231,vpantoja@pelayo.biz
2,"Viera, Almonte y Velásquez",María Luisa Abril Mora,(668)893-7346,yanaya@palacios-de.info
3,Industrias Tejeda-Amador,Paulina Norma Amador,06272046537,amanda64@hernadez.com
4,Montez S.A.,Alfredo Aldo Gutiérrez,1-092-327-1937,barbara29@davila-marquez.com
5,Marrero S. R.L. de C.V.,Karla Yolanda Farías,09314919058,enevarez@alcala-peres.info
6,Prieto-Nájera,Wendolin Cecilia Puga del Valle,849.877.6945x31473,nvargas@miramontes.com
7,Club Galindo-Mota,Ing. Homero Ybarra,1-480-831-3678x37770,lozanomartin@guerrero.com
8,Uribe y Tamez S.A. de C.V.,Nayeli Hermelinda Mora,1-744-431-3518x23374,felipe34@corporacin.com
9,Corporacin Armenta-Ayala,Florencia Castro,710-947-7752x04711,esalazar@coronado.org
10,"Despacho Guzmán, Casanova y Valdez",Rebeca Perla Gastélum,677-496-4990x9133,veronica12@grupo.com
11,Paredes S.C.,Ing. Florencia Apodaca,447.134.9361,soniacordova@proyectos.com
12,"Industrias Varela, Lomeli y Quiñones",Miguel Ángel Israel Padrón,887-719-0659,amador13@jimenez.com
13,Club Solano-Quintanilla,Dr. Serafín Pulido,717-565-5125x67468,renteriaernesto@hernadez-mejia.biz
14,Torres S.C.,Ana Cynthia Sisneros,977.034.8247,bcasas@laboratorios.net
15,Urías S.C.,Francisco Javier Claudio Riojas,02748467737,carlotaespino@proyectos.biz
16,Sarabia-Jaramillo y Asociados,Horacio Lugo Villagómez,1-727-875-5886x7533,xgonzalez@armas.biz
17,"Coronado, Saldivar y Arce",Pascual Silvano Meraz Camarillo,1-187-026-2174x596,mendezyuridia@mateo.com
18,Gollum-Loera,Bernabé Puente,01724005045,eloisa23@valles.com
19,Olivas-Guajardo,Paola Carmen Gómez Riojas,474-074-8217x59464,mmadrid@rosas.biz
20,Velasco-Lucero e Hijos,Sr. Leonardo Laureano,+90(9)7439533942,arenaswilfrido@aponte.com
21,Lucero-Mena,Concepción Débora Centeno,(588)424-7451x7123,xvaldes@ortega-alcaraz.com
22,Rentería-Negrete,Lic. José Manuél Cardenas,(370)985-9317x46120,maestasisabel@calderon-gollum.net
23,Club Rendón-Nevárez,Linda Villagómez,261.796.4053x77351,maria-cristina50@leal.info
24,Galindo-Zambrano,Alvaro Merino Guerrero,931-839-3352,lebronhumberto@industrias.com
25,Ceja A.C.,Elsa Villalobos Mejía,+24(0)2681177589,razojosefina@industrias.com
26,Angulo y Ballesteros S.C.,Lourdes Úrsula Cardenas,711.592.1249x985,hzambrano@club.com
27,Ureña-Galván,Margarita Elisa Pedraza,1-766-156-5452,fbarrera@caban-preciado.com
28,Cedillo-Valadez A.C.,Lic. Noemí Mendoza,(165)604-9451x98327,flaviomontez@carrero-leiva.com
29,"Valentín, Valdés y Alvarez",Dra. Alicia Dueñas,455-022-9612,bustoslucia@club.com
30,Corporacin Marrero-Meléndez,Lic. Antonia Ávila,290-147-6797,nlaboy@montano-posada.com
31,"Laboratorios Villaseñor, Ruiz y Soto",Sr. Francisco Ortega,003.432.4451x0762,caridadtejada@industrias.com
32,"Arias, Pulido y Almaraz",Ángela Graciela Velásquez Portillo,1-664-160-5297x5161,elviravillalpando@soria.com
33,García-Merino y Asociados,Augusto Pedro Carrera Tamez,355-231-2432x9212,wrivera@vallejo.com
34,Club Barreto-Rodarte,Ruby Gabriela Laureano Villareal,+58(1)4770054119,lrios@rascon.org
35,Corporacin Zedillo y Rolón,Catalina Bañuelos,1-151-820-3778x892,berta46@mireles.com
36,Mendoza-Cabrera,Teresa Olvera,(492)519-2546,noemibravo@industrias.net
37,Piña-Sauceda,Aida Naranjo Mares,(357)332-2141,miramontesrebeca@industrias.com
38,Proyectos de Jesús-Quezada,Luis Nava Granados,1-947-383-4735x977,carla88@cuellar.com
39,"Despacho Rosales, Nieto y Urrutia",Rafaél Cornelio Linares,02478261375,pedrozacarlos@sandoval.biz
40,Noriega-Garrido,Jaime Camacho Meza,204-727-7901,hidalgomarcos@industrias.com
41,"Grupo Madera, Casas y Arreola",Luis Miguel Reyna,01798089324,nabreu@guajardo-vasquez.com
42,Soria-Muro,Ramón Ricardo Sarabia,806-706-5405x1531,gustavo05@del.info
43,Proyectos Cervántez-Barajas,Alta  Gracia Francisca Ferrer Armas,1-054-868-7403,antonia05@despacho.info
44,"Mojica, Escobar y Salgado",Ivonne Minerva Jaramillo Borrego,616.928.4511x54479,sde-la-cruz@montoya.com
45,"Laureano, Báez y Benavídez",Itzel Micaela Crespo,+29(7)0213556909,estelanevarez@quiroz-bermudez.com
46,Otero-Martínez e Hijos,Dr. Claudio Alvarez,278.681.4473x94731,diegorazo@laboratorios.com
47,Barragán-Urbina S. R.L. de C.V.,Ing. Eloy Delgado,831.323.7058,georgina82@barraza-mares.biz
48,Sotelo y Partida y Asociados,Olivia Anel Castillo,1-177-852-8922,dsandoval@sisneros-corral.com
49,Grupo Medrano-Garza,Minerva Limón Berríos,384-249-8182,jorgezedillo@valle-arguello.com
50,Armenta-Velázquez,Dr. Salvador Peña,078.447.3647x1027,droybal@corporacin.com
51,Montaño-Ozuna S.A.,Micaela Valenzuela Caraballo,1-371-473-2104,pperalta@proyectos.com
52,Proyectos Crespo y Samaniego,María Elena Samaniego,(701)687-3395,arteagaruben@zambrano.net
53,Cardenas S.C.,Guillermo José Emilio Padrón Navarrete,+60(9)8358416878,rosa91@despacho.com
54,Colón-Farías S. R.L. de C.V.,Laura Sanches,+00(2)5787298259,jeronimo69@industrias.net
55,Valladares y Luna S.C.,José Luis Meraz Carmona,(940)974-9930x972,rcordero@despacho.com
56,Quintana S.A. de C.V.,Catalina Lilia Figueroa,(897)028-3857x865,florenciatejada@trevino-moreno.com
57,Espinosa y Gurule S.A. de C.V.,Frida Garza,(437)575-8441,wortega@corporacin.com
58,Quintanilla-Hidalgo e Hijos,Dolores Débora Tijerina Juárez,(421)993-3083x3016,graciela12@urbina.biz
59,Romero y Feliciano y Asociados,Ing. Hugo Bahena,09380262067,santiagoarchuleta@lugo.org
60,Meza-Linares,Sara Natividad Soria Salcido,874-315-2742,mirandasilvano@grupo.net
61,Briseño-Pacheco e Hijos,Esteban Darío Romero,1-304-637-4549,ibarrateresa@gracia-banuelos.com
62,Maldonado y Crespo S.C.,Virginia Márquez,1-145-933-2727x95687,oswaldoybarra@sotelo-ramon.net
63,Bernal-Valle A.C.,Roberto Santiago Fierro,1-822-587-1397x1870,gcenteno@reyes.net
64,Manzanares y Alonzo S.C.,Sr. Flavio Véliz,00651801704,xduenas@proyectos.biz
65,Ocasio y Núñez A.C.,Carla Montero,02868230047,ytapia@grupo.com
66,"Grupo Carreón, Aparicio y Perea",Sra. Elvia Fonseca,01907903067,margaritagamboa@cintron.com
67,Proyectos Velásquez y Matos,Lic. Tania Mayorga,428.364.4089,rosaliaponce@arreola.biz
68,Peña-Paredes S.A.,Lic. Esteban Terrazas,334.270.8668x826,pedrofigueroa@berrios-rascon.com
69,Tello-Espino,Gustavo Ocasio Zedillo,013.983.7354x0331,sguerra@club.com
70,"Club Robledo, Tejeda y Muñoz",Ing. José Eduardo Serna,717.535.5609x320,maria-luisa99@lucero.com
71,Club Vargas y Guillen,Nayeli Socorro Miranda Hinojosa,772.522.8728x080,arriagaadalberto@chapa.com
72,Gamez S. R.L. de C.V.,Jaqueline Ana María Rosas Saavedra,+08(8)6008484086,fidelcaldera@grupo.com
73,Jaramillo-Osorio A.C.,Leonor Rico Vallejo,341.016.6687,aguirrejorge@sanabria-puente.com
74,Suárez-Arias,Fidel Valverde,401.489.0250x392,tbermudez@industrias.biz
75,Olivo-Cintrón y Asociados,Pascual Jorge Luis Avilés,06315999650,estela73@uribe-nunez.com
76,"Briones, Lucero y Gurule",Benito Gustavo Corrales,265-511-0475x412,escobareloisa@valdes.biz
77,Alvarez-Burgos,Nelly Cabán Zambrano,560.466.1839x8262,renemadera@club.biz
78,"Club Luna, Roybal y Bermúdez",Esmeralda Gurule Saldivar,937.124.0659x6575,ivillegas@corporacin.com
79,Club Matos-Lovato,Olivia Elvira Melgar Ocampo,651-939-8280,cfuentes@proyectos.com
80,"Grupo Hernádez, Corrales y Piña",Anel Marcela Zamora,968.868.0589x113,joaquin90@meraz.com
81,Holguín-Garibay,Minerva Valdez,1-937-567-9825x0714,hbriones@corporacin.info
82,Industrias Rosas y Montero,Ariadna Luz Regalado Matos,04010512382,almavalencia@rios.com
83,Laboratorios Preciado-Ortiz,Víctor Fajardo Rascón,1-660-334-1918x2553,qcarrera@suarez.biz
84,"Villagómez, Carrera y Montero",María Cristina de León Luevano,912.513.4125x2866,miriamolivera@escamilla.com
85,Club Lomeli-Cintrón,Jacobo Mauricio Avilés Muñoz,+72(3)6887676772,vallejoangel@corporacin.com
86,"Grupo Reyna, Valles y Saldivar",Mercedes Carreón,1-148-580-7836x1340,wirizarry@quinones-carvajal.com
87,Proyectos Villalobos y Montoya,Ing. Clara Chávez,1-309-584-9825,santiago94@cervantez-patino.com
88,"Proyectos Castro, Centeno y Haro",Javier Gerónimo Orozco Saiz,946-671-1684,eugenia75@caban.info
89,Barajas-Téllez S.C.,Marco Antonio Galarza,454.589.2975x001,haleman@club.biz
90,Laboratorios Centeno y Madrid,Hernán Bernabé Muro Henríquez,05206436110,helenabernal@industrias.info
91,Aguilera e Hijos,Bianca Pichardo Centeno,136.111.5542x622,tamezmarisol@de.com
92,Laboratorios Coronado y Patiño,Ing. Dulce Briseño,02196565234,guzmanmaria-luisa@proyectos.net
93,Laboratorios Orosco y Lucero,Gerardo Saldaña Olvera,03791805526,inavarrete@proyectos.com
94,Alcaraz-Iglesias,Alfredo Balderas,848-666-1889x241,eloy83@industrias.org
95,Marín-Quesada,Andrés Guevara,06179904210,agustindavila@montenegro.com
96,Corporacin Castro-Jiménez,Aldo Joaquín Portillo,814-917-7850,kvalverde@cotto-herrera.com
97,Gil-Saucedo,Alonso Alcala Guevara,+75(6)2208635365,elias95@sandoval-avila.com
98,Proyectos Sevilla y Arredondo,Andrea María Elena Leyva,(518)705-3494,fridanegrete@estevez.com
99,Despacho Parra-Alva,Reynaldo Montemayor,050-641-3836x70241,gomezlilia@nieves.org
100,Santiago-Cepeda,Ángela Paulina Vanegas,+62(3)4456557431,hectorviera@cortes-caraballo.com
101,Robledo y Martínez S.C.,René José Carlos Franco,1-474-112-4903x521,antoniaortiz@luna.com
102,Palacios y Asociados,Noelia Nayeli Haro Cabrera,1-121-003-2365x199,eduardo01@laboratorios.com
103,Casillas-Arias S.C.,Enrique Vela Prieto,670.662.5324x47209,sonialucero@patino.com
104,Lemus-Olivera,Luis Miguel Felipe Sotelo Haro,806-578-7598x56420,norma30@despacho.org
105,Grupo Camarillo y Gutiérrez,Gustavo Tejeda,039.652.2395x59059,marisolescobedo@torres.info
106,Bustamante A.C.,Tomás Gaona,+87(0)5932525002,franciscosotelo@beltran-nino.biz
107,Miramontes-Madrid,Carla Cotto Quesada,752-895-3926x44220,cvanegas@industrias.org
108,Salgado-Cisneros,Ángela Granados Montenegro,1-215-704-3315,flavio00@quezada.biz
109,Ochoa y Montoya S. R.L. de C.V.,Asunción María Luisa Vélez,327-104-0541x15262,trujilloesteban@villegas-rosas.com
110,"de Anda, Zepeda y Puente",Amador Bruno Meraz Flórez,1-688-444-3106,dcorrales@acosta-ponce.com
111,Feliciano y Calderón A.C.,Enrique Lovato,07146774186,beatrizolivarez@escobar-ramirez.com
112,Rivero y Irizarry S.A.,Sr. Eduardo Calderón,05869380686,pvega@luna.com
113,Despacho Rangel-Delgadillo,Fidel Evelio Castro Arias,(163)294-5116x868,rodolfo87@villagomez.biz
114,Pedroza-Cornejo,Rufino Sergio Verduzco Camarillo,09148564679,larchuleta@club.biz
115,Granados-Arroyo e Hijos,Estela Jaqueline Almonte Miranda,(447)132-4754,pzedillo@escobedo-quintanilla.com
116,"Rubio, Sevilla y Niño",Porfirio Covarrubias Barraza,(862)890-2330,antonioreyes@muro.com
117,"Corporacin Rivera, Santiago y Osorio",Aldo Gerardo Nieves,972.798.5524x140,karroyo@proyectos.com
118,"Laboratorios Parra, Serna y Almonte",Nicolás Centeno Delgadillo,034.944.6657x4374,gviera@segura.com
119,"Corporacin Cardenas, Rosario y Barela",Esther Meléndez Lebrón,432-830-9652,salinassilvano@club.org
120,Corporacin Garibay y Téllez,Susana Isabel Sarabia Macías,(824)172-4825,garibayangelica@laboratorios.com
121,Hurtado-Vigil S.A. de C.V.,Bianca María Eugenia Avilés Vergara,1-917-381-6846x0223,cynthia97@corporacin.info
122,Díaz-Marroquín e Hijos,Abelardo Razo Lara,1-292-712-9666,yromero@archuleta.com
123,Alcaraz-Medina y Asociados,Cynthia Almanza,(033)542-1689x42104,eva89@puente-cervantes.info
124,Escobedo-de Anda y Asociados,Aida Elisa Garrido,230.982.1506x48909,cardenasteresa@arriaga.com
125,"Quiroz, Olivares y Castañeda",Esmeralda Rojo,1-230-461-8499x26189,leyvagabino@salinas-farias.org
126,Proyectos Irizarry y Solorzano,José Carlos Parra,(208)737-5300,carranzaminerva@cordova.net
127,Campos-Hidalgo,Mauro Lucio,701-204-5561,armentaadan@laboratorios.com
128,Jasso y Cabán S.A. de C.V.,Cristal Carrera Pacheco,746-762-1202x169,rvarela@duran.com
129,Cedillo S.C.,Beatriz Lilia Quintana Arredondo,04508993588,prietoveronica@club.com
130,Alba e Hijos,Patricio Modesto Saldivar de Jesús,07535408386,fgollum@quiroz.com
131,Ramón y Mata A.C.,Socorro Aida Candelaria Páez,(088)019-9488x375,carlos37@valencia-zapata.com
132,Carrera y Calderón y Asociados,Abel Mondragón,488.510.2726,hernandezpaulina@grupo.com
133,Espino y Mireles A.C.,Amanda Salma Villalobos,07798270808,evigil@laboratorios.com
134,Ontiveros-Zapata,Dra. Mayte Olivo,(934)654-7226x984,maria-luisa33@industrias.com
135,Industrias Torres-Medrano,José Rolando Rosado,1-968-460-8106x2003,javier44@proyectos.com
136,Muñoz y Asociados,Aurora Rocío Valenzuela Garrido,863.840.6665x80043,ogarza@villalobos-trevino.org
137,Proyectos Esquibel y Lozano,Conchita Trinidad Benavídez Escobar,(816)064-8422,abraham57@despacho.org
138,Madera S.C.,Lic. Isabel Beltrán,1-583-281-8268x86153,victoriameraz@muro-lozada.org
139,Valentín y Aguirre A.C.,Marcela Guajardo Guerrero,+56(1)6484085887,sarmas@corporacin.com
140,Proyectos Terrazas-Tejeda,Zeferino Barraza Gaitán,(361)386-1207x50110,pascualvaldez@velasco-gil.com
141,"Oquendo, Raya y Palacios",Graciela Aida Ordóñez,(180)919-0158x14491,emilia66@rojo.net
142,Grupo Ornelas y Trejo,Dr. Isaac Niño,+88(2)1009968814,ana-mariagalarza@sepulveda.com
143,Industrias Hernádez y Esquibel,Espartaco Rufino Ayala,(781)414-1397x5523,linaresreina@esquibel-matias.info
144,Méndez y Malave e Hijos,Srita. Norma Valverde,562.053.3645,almarosado@ramirez.com
145,Ureña y Cardona S.A.,Sra. Eugenia Cintrón,(341)108-0996x9308,maria-cristina87@corporacin.org
146,"Grupo Rivera, Sánchez y Segovia",Leonardo José Emilio Sandoval,+39(2)8272299275,gaonaines@despacho.com
147,Fonseca S. R.L. de C.V.,Julia Rodarte Rentería,+05(1)8449892665,sierrapascual@garica.com
148,Ruiz-Rosario S. R.L. de C.V.,Pascual Chávez Quiñónez,(318)432-2259,godinezdebora@carrera-rosario.info
149,Gaitán y Villanueva S.A.,Alejandra Elvira Armas,992-280-9202,jose-eduardo86@limon.com
150,Zepeda y Rodríguez y Asociados,Claudia Dulce María Partida Zaragoza,929-842-5799,godinezcamila@centeno.com
151,"Cornejo, Zelaya y Caldera",Nicolás Víctor Zapata Arellano,(811)729-8068x6508,zgiron@olivarez.org
152,Pizarro-Cervantes,Lic. Gabriel Botello,(986)430-0981,nuneztrinidad@laboratorios.com
153,Correa-Polanco,Dra. Esperanza Tello,(959)463-6887x258,thernandes@otero-chavarria.com
154,Club Cuellar y Camarillo,Pedro Pacheco,1-890-260-1279,ebueno@grupo.biz
155,"Soliz, Llamas y Zambrano",Eric Saldaña Quiñones,+38(4)3098839205,trinidadabrego@despacho.com
156,"Palomino, Villa y Fernández",Adriana Barrientos,08489554393,kpaez@ibarra.biz
157,Valdivia-Beltrán,Francisca Molina,08489476973,fabiola79@rosario.com
158,Olivas-Garay,Jacobo Paz,880.434.1651,guillerminamartinez@gamez-vela.com
159,Club Feliciano y Gollum,Guillermo Fonseca,339.521.1179,torobenito@nieto.org
160,"Club Elizondo, Segura y Lemus",Dulce María Olivia Cazares,+86(7)8085627187,adan03@vera.com
161,"Grupo Ulibarri, Irizarry y Granado",Lic. Vicente Montalvo,276.365.5647,micaelaceja@proyectos.com
162,"Olivárez, Estévez y Concepción",Nicolás Abraham del Valle Pérez,288.574.4890x612,galvanpedro@caldera.com
163,"Corporacin Murillo, Valencia y Valdés",Ing. Agustín Patiño,05939982455,framon@llamas.com
164,Pérez-Vázquez S.C.,Aurelio Emiliano Montalvo,554.496.4759,kpedraza@proyectos.com
165,"Laboratorios Bétancourt, Gaitán y de la Crúz",Aurora Ariadna Barela,800.681.1492x164,oswaldolimon@castro.com
166,Aragón e Hijos,Helena Rolón Robles,(487)282-9979x6884,hilda83@quintanilla-manzanares.com
167,"Hurtado, Cortés y Madrigal",Abel Solorzano Chacón,478.077.4064,adalbertoulibarri@esparza-patino.biz
168,"Haro, Dávila y Orellana",Dulce María Estefanía Bétancourt,(389)448-4631x224,resendezrebeca@jurado.com
169,Coronado A.C.,Alejandra Escamilla,04427031207,ana-luisaperes@proyectos.com
170,Blanco-Concepción A.C.,Lic. Arturo Tórrez,234.601.3673x037,solizvioleta@club.com
171,Laboratorios Arias-Ulloa,Blanca Hernandes,435.031.3650x249,ortizomar@arias.info
172,Corporacin Burgos-Guzmán,Pablo Bernabé Mireles Balderas,+52(8)1273585730,umuniz@corporacin.info
173,"Industrias Saiz, Espinal y Valverde",Ricardo Jos Mejía Rocha,982-182-7448,eugenia08@escalante.org
174,Corporacin Barajas y Tijerina,Cynthia Mitzy Salinas,(294)565-1181x0220,fidelruelas@despacho.biz
175,Sotelo y Villanueva S.A. de C.V.,José Emilio García Zelaya,1-103-717-0586x50948,batistauriel@galvez-solano.com
176,Godoy-Tapia,Cynthia Dalia Sotelo,(392)886-1957x61228,vsantana@industrias.com
177,Urbina-Meléndez y Asociados,Lilia Posada Mejía,398.368.4577x6004,sisneroshector@despacho.com
178,Leal S. R.L. de C.V.,Noelia Vásquez,1-210-752-2459x3344,vasquezclaudia@laboratorios.info
179,Club Velázquez-Cadena,Dra. Alta  Gracia Velázquez,105-566-1390x604,matosmargarita@corporacin.com
180,Orozco S.C.,Lic. Mayte Bustamante,646.225.1790,figlesias@sanchez.com
181,Valdivia y Fajardo S.C.,Silvia Olga Estévez,(983)314-6591x1665,juan55@magana.com
182,Concepción y Quintana A.C.,Felipe Niño,110-392-4051,estela70@fuentes-terrazas.com
183,"Industrias Rosas, Cisneros y Almanza",Paola Soledad Soto,+42(0)4394070164,flavio04@godoy.com
184,Rubio-Zambrano S. R.L. de C.V.,Esteban Federico Sanches,1-800-384-5762x055,rosalia43@proyectos.com
185,"Grupo Coronado, Mondragón y Orozco",Benjamín Juan Soliz Gaytán,(392)649-5782x329,hernanmares@club.com
186,Barreto-Valdés S. R.L. de C.V.,Esteban Jaime Concepción,056.647.4231x22099,paola99@industrias.com
187,Bétancourt-Romero S.A.,Raquel Rodarte,1-526-772-2330x60463,lucasbarraza@club.info
188,Club Palacios y Arguello,Ing. Yuridia Marroquín,999-880-8177x038,jarenas@sevilla.com
189,Otero y Maestas y Asociados,Lic. Emilio Pichardo,(908)277-1812,celiapedraza@raya-alvarado.info
190,Club Bustamante y Henríquez,Verónica Dávila Castañeda,01751868926,xarmas@corporacin.com
191,Grupo Ávalos-Perea,Ing. Mateo Lomeli,212-309-4077x78097,marianovillalobos@rendon.com
192,Guevara S. R.L. de C.V.,Dr. Alvaro Escalante,050-209-9451,cardonadelia@grupo.org
193,Club Véliz-Murillo,Bernabé Luna Medrano,616.814.7214,lorena68@laboratorios.com
194,Roybal-Zedillo,Lic. Uriel Mateo,899-529-9787,nduenas@laboratorios.com
195,Alva-Rivero,Fernando Víctor Pedroza,(055)830-3441x448,adalberto15@ortiz-varela.com
196,Grupo Menéndez-Mireles,María José Alta  Gracia Chacón Rosario,785-760-8495,friasmitzy@moreno-barraza.com
197,Mojica S.C.,Clara Vásquez,629.145.0461x7357,marcos84@despacho.com
198,Quiroz-Santillán,Óliver Sanches Corrales,1-578-452-1823,ricocarolina@acuna-marquez.com
199,Merino-Robles,Camilo Soliz Marrero,+94(3)5334485714,jacobolara@alejandro-valencia.net
200,Fonseca-Torres,Nayeli Matos Juárez,493-214-9587,cedilloandres@arteaga.com
201,Polanco-Orosco,Teodoro Silvano Ramírez Moya,(538)179-2171,rmarin@rodrigez.com
202,"Corporacin Orosco, Elizondo y Menéndez",María Saavedra Anguiano,07157724599,juliacandelaria@carbajal.com
203,"Industrias Riojas, Pacheco y Villanueva",Elvia Rosa Guerrero,(276)153-9669x5832,velaines@villarreal-ybarra.info
204,Vaca-Calderón y Asociados,Conchita Georgina Palomino Barrios,196.570.1329x0227,catalina99@estevez.com
205,"Industrias Maestas, Puga y Montañez",Serafín Abraham Segovia,240-580-0851x403,zvillanueva@olivas-palomino.biz
206,Laboratorios Delgadillo y Roldán,Eugenio Rodrigo Olivo Murillo,(242)201-0276x212,yresendez@duenas.biz
207,Olivo y Mota S.A.,Manuel Tomás Aguilar Vélez,384.689.5009x751,jbetancourt@club.org
208,Guillen-Rodríquez,Reynaldo Santiago Marrero,058.077.8795x6544,arturozambrano@laboratorios.info
209,Industrias Ávalos-Lovato,Sra. Fabiola Rubio,02814429444,carrascopamela@industrias.com
210,Corporacin Gracia-Rubio,Raúl Alejandro Montalvo Bravo,927-663-7239,carlos41@de.biz
211,Madera y Rolón e Hijos,Eloisa Ojeda,(674)286-0476x58018,elsa94@jiminez-jaramillo.com
212,"Laboratorios Viera, Ornelas y Riojas",Sergio Esquivel,525-800-1061x8175,rufinoheredia@despacho.com
213,Industrias Casas y Casares,Tomás Cristobal Núñez,(921)244-7174x65421,cornelio66@balderas-holguin.com
214,Club Barrios-Salazar,Vicente Orozco,(712)863-9174,aragondiego@vazquez-henriquez.info
215,Salinas S.A.,Alfonso Orellana Jáquez,569-087-7661,abelardoolivo@casas.com
216,Madrigal-Pacheco A.C.,José Emilio Renato Molina,07432806346,munozines@quezada-espinal.com
217,Espinoza A.C.,Srita. Marisela Ordóñez,08478700505,palominogenaro@proyectos.net
218,Laboratorios Venegas-Gonzales,Alfonso David Sáenz,079-032-0204x17929,caraballogabino@yanez.com
219,"Miranda, Padilla y Meléndez",Samuel Ricardo Chapa,1-309-251-1426,beatrizuribe@club.com
220,Despacho Ocampo-Cotto,Omar Blanco Aguayo,+21(9)4672324876,josarchuleta@laboratorios.com
221,Peralta-Acuña S. R.L. de C.V.,Evelio Carvajal,195-883-7340x3127,kdel-valle@ayala.com
222,"Grupo Puga, Heredia y Mesa",Ing. Amanda Cano,082.207.8113x79956,zoemelgar@proyectos.com
223,Granado-Paz,José María Garay,07970623972,inino@esquibel.com
224,Cavazos-Aparicio e Hijos,Sra. Eugenia Chacón,07762534929,mitzyuribe@despacho.info
225,Industrias Rojas y Ríos,Sr. Marco Antonio Gurule,569.392.9060,rodrigezjuana@pizarro.biz
226,Calvillo y Regalado S.C.,Benito Valdez,+63(2)5431074279,renteriafrida@proyectos.com
227,Abreu y Batista S.C.,Mónica Apodaca Lucio,(498)931-9508x501,dnavarrete@navarrete.com
228,Valentín-Flores,Joaquín Gerardo Tirado Carrera,793-355-4864x01557,hsanchez@rodrigez-tapia.net
229,"Club Nazario, Barraza y Escobedo",Araceli Angélica Ornelas Duarte,(112)412-7238,lozadadelia@club.info
230,Lovato S.A.,Agustín Gabriel Solís,569-557-9887x74924,ramirogaytan@nieto.com
231,Corporacin Linares-Reséndez,Wilfrido Emiliano Tello Lira,(222)310-5927,beatriz23@mateo.com
232,Rangel-Tirado S.A.,Gabriela Casas,+67(2)7520885474,marthaquintanilla@carreon-roque.com
233,Manzanares-Alvarado,Rosa Dulce María Ramírez,150.939.8343,botellomarcela@brito.com
234,Matías y Zavala S. R.L. de C.V.,Ana Luisa Muro,265-650-4554x781,esperanzapelayo@lomeli.biz
235,"Chávez, Villagómez y Zamora",David Fernando Madrigal,851.961.0646x287,leonelescamilla@longoria.com
236,"Proyectos Vigil, Maestas y Salcido",María del Carmen Garrido,+02(4)4714627301,isabel19@verdugo-rosales.biz
237,"Laboratorios Rolón, Casares y Niño",Olivia Alfaro,290-257-2520,arcelia65@longoria.net
238,Serrano-Esquibel,Bernardo Timoteo de la Fuente Tórrez,1-544-518-9520,leticialerma@rubio-patino.com
239,Gamez-Correa,Dulce María Escobedo,(988)816-7112x0754,homero79@de.com
240,Grupo Collado y Gaytán,Dr. Fernando Cedillo,06110760310,rodartegenaro@despacho.com
241,Zarate-Flórez,Srita. Cristina Montoya,+12(4)9552893891,velizaldo@laboratorios.com
242,Camacho S.A.,Wendolin Roldán,927.125.6638,cristinacarreon@castaneda-robledo.net
243,Club Muro-Lomeli,Yuridia Arevalo,05716479473,blopez@proyectos.com
244,Despacho Salazar-Cantú,Luz Miriam Briones,02669121535,noemipaez@gonzales-pineda.info
245,"Proyectos Verdugo, Villaseñor y Laboy",Isabel María José Zavala,784-271-1477x320,avilesdaniel@amador.org
246,Corral-Madrigal S. R.L. de C.V.,Sra. Ángela Solís,734.778.4858x800,ycasanova@mascarenas.info
247,Apodaca S.A.,Sofía Madrigal,1-276-246-7197x88977,judithbadillo@irizarry.biz
248,Linares-Mayorga A.C.,Silvano Armenta Cazares,590.561.6556,cesar33@laboratorios.com
249,Magaña-Carrero,Claudia Almonte Tijerina,1-076-986-4079,mateocamila@medrano.info
250,Flórez-Miramontes,Martha Sonia Mojica de la Crúz,456.371.8344x0496,rosacaballero@villarreal-miramontes.com
251,Valverde-Tamez,Lourdes Diana Montenegro Bermúdez,484-685-3664x98782,sevillajose-manuel@gallardo.net
252,"Valles, Balderas y Solorio",José Emilio Ríos,324-665-1364,soledad24@club.com
253,Despacho Guillen y Marín,Mariana Noemí Pulido Pichardo,032-420-4482x07001,olivia41@narvaez.com
254,Despacho Vásquez y Sanches,Ramiro Santiago Sosa,713-915-5963,jgamez@del.com
255,Paredes y Hernández y Asociados,Sra. Marisela Tejeda,158.673.4257,victor09@ayala.com
256,"Industrias Olivo, Mares y Naranjo",Renato Genaro Quintero,064-413-4327x560,emiliano77@mercado.com
257,"Industrias Barraza, Mora y Peres",Lic. Helena Rendón,1-002-720-6345x91123,noemipartida@razo-romo.com
258,"Grupo Villaseñor, Menchaca y Lerma",Benito Pedroza,266.930.0893,riosleonardo@laboratorios.org
259,"Zapata, Hurtado y Córdova",José Luis Enrique Valverde,00867713334,isabela62@fonseca.com
260,Club Dueñas y Paredes,Aldo Humberto Iglesias Gracia,735.971.0725x6366,diego18@avila.com
261,Moreno y Zelaya e Hijos,Sra. Abril Hernandes,964-652-8092x4287,georgina21@tamez-prieto.com
262,Marroquín-Armendáriz,Pablo Homero Muro Posada,(494)856-2572,maviles@despacho.com
263,Hurtado y Dávila e Hijos,Luisa Berta Saldaña Arevalo,1-587-771-2151x342,julialaboy@industrias.org
264,Club Bermúdez-Gurule,Teresa Ariadna Méndez Alvarez,(165)915-2017,orendon@industrias.org
265,Meléndez y Varela S.A.,Alvaro Leyva,1-018-961-6423,bburgos@grupo.com
266,Despacho Lugo-Salas,Gloria Úrsula Zavala,515-837-7674,wbustamante@negrete.biz
267,Arevalo-Serna,María del Carmen Garrido Correa,881.476.1742x243,klucero@urena.com
268,Segovia-Pizarro,Ariadna María del Carmen Varela,549-180-1722,farmenta@luevano.info
269,Jaimes y Mondragón y Asociados,Fidel Esteban Berríos Zayas,168-006-1027,qpalacios@madrigal.biz
270,"Despacho Castillo, Cervántez y Alcaraz",César Alemán,1-303-723-6831x47276,carrionjoaquin@laboratorios.info
271,Rascón S. R.L. de C.V.,Felipe Lozano,1-605-016-6799x8407,gruelas@gomez.com
272,"Velázquez, Mata y Uribe",Gustavo Luis Manuel Rojas,07957602437,emilia38@industrias.info
273,Corporacin Orellana-Peña,María Eugenia Cuellar Franco,(172)232-9716,pmadrigal@industrias.com
274,"Corporacin Covarrubias, Delgado y Santacruz",Antonio Miranda Posada,09318374550,israel89@arteaga-quezada.info
275,Caraballo-Canales,Amalia Sarabia,02135247871,sonianarvaez@chavarria-casillas.com
276,Pelayo y Aguayo S.A.,Indira Fabiola Santiago de la Torre,04565328632,apedraza@sevilla.info
277,Proyectos Alarcón-Sierra,Benito Jonás Mascareñas,260-602-9084x668,zeferino50@industrias.com
278,Montaño y Palacios y Asociados,Israel Bravo,+85(6)2884318848,sara20@tirado.com
279,Proyectos Maestas y Pichardo,Beatriz Balderas,485.101.7490,pmojica@corporacin.org
280,Laboratorios Ocasio-Solís,Camilo Menchaca,935-712-6611x0627,estefaniabernal@sotelo-padron.net
281,"Jaime, Viera y Samaniego",Luz Vanesa Saiz,622.827.7288x13770,mariselanegron@zarate-paredes.com
282,Negrón-Vázquez,Sr. Ramiro Corral,05454470229,tarriaga@grupo.com
283,Barreto-Armendáriz S.C.,Olga Gloria Valles Regalado,1-679-228-7772,ernesto99@ontiveros.com
284,Quintero e Hijos,Sr. Emilio Alvarado,1-481-813-9890x9837,casarezvanesa@despacho.com
285,Bravo y Tejeda S. R.L. de C.V.,Laura Villalpando Armenta,056.260.8564x111,salvadorcolon@corporacin.com
286,"de la O, Bahena y Melgar",Alberto Andrés Lugo Orellana,05265461033,isabelsauceda@carrero.com
287,Uribe y Palomo A.C.,Alicia Leticia González Almaraz,891-382-4967,sancheslucas@corporacin.com
288,"Vaca, Razo y Arguello",Miguel Longoria de la Fuente,+07(4)9465398402,maciasernesto@casillas.com
289,"Gaitán, Santana y Matías",Salma Ibarra Regalado,355-379-5020,aacuna@club.biz
290,Bernal-Tijerina,Martín Castañeda Morales,956-201-7537x030,araceli31@proyectos.com
291,León S.C.,Srita. Abril Estévez,614-987-2839x99219,cristobalcavazos@industrias.com
292,Tejada S. R.L. de C.V.,Lic. Abel Ponce,056-641-8775x80304,ctejada@adame-orosco.com
293,Vázquez-Alvarado,Manuel Benavídez,325.411.0760,pascual31@griego.com
294,Solís-Granado A.C.,Lic. Luz Cadena,791-100-6512x07049,gbarraza@valdivia.com
295,"Padilla, Caldera y Partida",Timoteo Alarcón,1-676-991-5078x593,candelariaalberto@villasenor-esquibel.org
296,Laboratorios Saucedo-Hidalgo,Linda Rosales Rael,(320)024-9685,nancy82@club.com
297,"Corporacin Aguilera, Sisneros y Villa",Andrés Genaro Sarabia Valdivia,+65(3)3315377959,raquel46@curiel-cantu.com
298,Gaona y Acosta e Hijos,Gabino Robledo,337.563.6205x0150,colladosantiago@esquivel.com
299,Anguiano S.A.,Horacio Delgado,425.832.3024,alonsozoe@club.com
300,"Club Grijalva, Negrón y Nieves",Ramón Zacarías Puente Barragán,02233865596,bernabevillagomez@proyectos.com
301,Gutiérrez-Avilés e Hijos,Dr. Pedro Viera,317.912.8685x787,adriananino@saldana.org
302,"Vergara, Arce y Franco",Felipe Razo,634.669.2548,cervantesenrique@club.org
303,Rivero S. R.L. de C.V.,Dra. Lourdes Raya,1-665-754-6027x341,emilio48@lebron-gil.com
304,Becerra-Murillo,Ricardo Fernández Merino,1-544-439-2840,ruben56@venegas.net
305,Proyectos Otero-Gil,Fernando Rojo,898.775.1536,cfuentes@valdez.com
306,Corporacin Aguirre-Sanabria,Ilse Garza Perea,(684)590-9022x599,nolivarez@barela.com
307,Cardona y Méndez S. R.L. de C.V.,Sandra Gabriela Cabán de la Torre,08209702316,luis34@renteria-baez.com
308,de la Torre S.A. de C.V.,Karina Celia Carranza,867-163-2346,mcovarrubias@industrias.com
309,Despacho Collazo y Ramírez,Leonel Tomás Gurule,597-779-0147x5469,deboraharo@industrias.biz
310,Laboratorios Varela-Cadena,Victoria Amanda Grijalva,(484)137-6815,cantujuana@parra-raya.com
311,Industrias Armendáriz y Ríos,Arturo Riojas Olivárez,1-636-004-1257,eriojas@ulibarri-guerra.info
312,Club Leiva-Cuellar,Adán Uriel Camarillo Díaz,(186)210-4275,marcosaragon@club.com
313,"Manzanares, Quiroz y Ávila",Sra. Amelia Ocasio,1-353-310-6005,wendolinbarajas@despacho.com
314,"Sepúlveda, Cardenas y Mena",Noemí Espinal Franco,(661)331-5520x6506,fabiolagaray@leiva-negrete.com
315,Gamez-Partida,Lic. Camilo Terán,1-241-956-2525x7150,golivas@industrias.com
316,Castellanos S.A. de C.V.,Marco Antonio Guerrero,102.574.3263x0397,gustavo45@soliz.biz
317,"Proyectos Alva, Girón y Meraz",Elvira Flórez Tirado,+33(9)6852701713,cisneroslucas@despacho.net
318,Grupo Sarabia y Berríos,Zoé María Elena Márquez,(336)293-4497,ricardorosales@murillo-otero.biz
319,Club Quintana-Pichardo,Reina Prieto,706-614-9828,porfirioolivares@malave.biz
320,Becerra y Merino S.A.,Daniela Cecilia Espinal Acuña,+85(7)6665674916,castellanoscarmen@grupo.com
321,Negrete y Baeza e Hijos,Lorena Emilia Guerra,050.249.7243x992,carrionesteban@otero.net
322,Club de Jesús y Ponce,Ing. Pascual Tejada,(694)611-9524x36402,gabreu@perales-sosa.biz
323,"Laboratorios Prado, de la Rosa y del Valle",Cristina Cervantes Fajardo,281.793.2302x346,ocardona@despacho.biz
324,Lebrón-Barela,Alicia Vigil Gollum,710.040.9013x806,indira75@miramontes.com
325,Corporacin Ozuna y Ochoa,Sra. Isabel Menéndez,00762091843,esther97@escobedo.com
326,Armenta-Melgar e Hijos,Eloisa Rebeca Rubio Pabón,915.671.6493x28980,itzelbrito@proyectos.info
327,Rosario-Toledo,Germán Galarza,(116)025-6434,qcastaneda@industrias.com
328,Industrias Zaragoza y Barragán,Josefina Olivárez Valenzuela,(334)141-1159x319,gonzalo56@marquez.org
329,Proyectos Oquendo y Piña,Itzel Castro Solís,(993)160-8752x43772,humberto09@mares-sandoval.com
330,"Proyectos Vela, Romo y Galván",Florencia Virginia Ocampo Bahena,1-233-027-6420,bmiranda@montero.com
331,"Corporacin Esquivel, Ulibarri y Orta",Cristobal Javier Vera,+47(2)9277423330,miriam12@ponce.com
332,Rojo-Duarte A.C.,Porfirio Jonás Villaseñor,(263)013-6749x261,rolivas@nazario.com
333,Casas-Sáenz,Elena Altamirano,1-997-419-2676x4921,cristian82@almonte.net
334,Barela y Solano y Asociados,Lic. Yeni Castellanos,1-129-208-7510,miriamfonseca@despacho.com
335,Castellanos-Santillán,Ing. Ricardo de la Torre,(034)084-8729x758,paola88@laboratorios.com
336,Escobedo S.A.,Dr. Daniel Zarate,(395)429-6184x4626,qbotello@collazo.com
337,"Laboratorios Espinoza, Nieves y Valle",Raquel Dávila,(256)609-3141x818,vbarraza@naranjo-merino.com
338,Proyectos Gastélum-Lara,Bruno Ocasio Garibay,112-849-7185x948,patricia10@corporacin.com
339,"Romero, Villarreal y Cavazos",Sr. Porfirio Cortés,(226)940-5396x72757,rodolfo68@corporacin.biz
340,Bustamante-Bétancourt A.C.,Bernabé de Jesús,1-014-870-6827x7881,nalcaraz@proyectos.net
341,Guevara-Suárez e Hijos,Sra. Rebeca Rangel,(832)152-8506,kojeda@carreon-mireles.com
342,López-Luna,Francisca Estefanía Gallardo Acevedo,963.480.7970x50975,angelica10@escamilla-padilla.com
343,Prado-Salazar,Benito Tafoya,261-702-4376x5456,magdalenajimenez@quinones-quinones.com
344,Corporacin Puente-Adame,Wendolin Farías Carranza,1-402-665-0237,genaro67@cavazos.biz
345,"Ceja, Carmona y Cardenas",Cristian Cortés Montañez,030-569-0674x4716,rebecacorral@grupo.com
346,Laboratorios Portillo y Farías,Virginia Aurora Sandoval Durán,1-923-126-0432,nalmanza@despacho.biz
347,"Laboratorios Godoy, Garibay y Miramontes",María Luisa Ana María Segovia,(041)454-5635x020,avilaveronica@galindo-lira.com
348,Prado-Escalante,Lic. José Emilio Mesa,(110)825-5598,nicolas43@brito.org
349,Arguello-Villa,Evelio Ramírez,01895473820,juan-carlosperalta@proyectos.info
350,Pulido-Barreto,Linda Mitzy Santacruz Alonzo,(942)409-0367,de-jesusemilia@valenzuela.org
351,"Grupo Enríquez, Acosta y Crespo",Srita. Paulina Aguirre,788-443-4481x2308,serafinarenas@corporacin.com
352,Proyectos Gaitán y Téllez,Abel Jorge Luis Zedillo,518.426.9450,moyamario@grupo.org
353,Olivas-Hinojosa,Lic. Delia Quintanilla,543.962.7365,hermelindacaban@duran.com
354,Industrias Salas y Dueñas,Sr. Jacinto Curiel,(693)121-6376,sotohernan@zavala.biz
355,"Alonso, Carmona y Alcántar",Cristobal Guzmán Botello,290-018-5132,cvalladares@corporacin.com
356,Despacho Tórrez y Jaramillo,Blanca Alonso,+18(4)1862030366,angelallamas@laboratorios.info
357,Despacho Garrido-Canales,Ing. Augusto Merino,05109226859,dulce-mariacornejo@industrias.com
358,Negrete y Jaimes y Asociados,Abel Eduardo Contreras,1-267-711-9642,medranogonzalo@proyectos.com
359,Pineda y Rosales e Hijos,Raquel Salma Merino,366-878-8788,carlotabotello@soto.com
360,Corporacin Acevedo y Figueroa,José Eduardo Valdez Rojo,105-524-7286,luis-miguelgarrido@chavarria.com
361,"Alvarez, Pineda y Nieto",Carlos Verdugo Benavides,920.252.1310x962,gloriacintron@club.com
362,"Despacho Cortés, Balderas y Aparicio",Srita. Martha Cruz,+66(7)8498436241,vcastillo@club.biz
363,Proyectos Valdivia-Zedillo,Miguel Ángel Octavio Marroquín,662-056-3411x15950,rubencuriel@barragan-galarza.org
364,Mares S.A.,Débora Apodaca,419.909.7005,maresadan@leyva-otero.com
365,Ornelas-Moya S.A.,Jesús Lucas Santacruz,08209679042,fridaberrios@gomez-galvan.com
366,Industrias Sevilla-Solorzano,Marcela Ceja Mojica,(596)063-3991,maytesalinas@alejandro-collazo.com
367,Samaniego-Cabrera,Graciela Claudia Lucero Cuellar,04955112747,esparta21@arenas.com
368,"Paredes, Ceballos y Quintana",Micaela Martínez Niño,06874090380,fernandolopez@covarrubias.com
369,Club Ríos y Cabán,María Elena Rocha Téllez,1-112-166-3651x559,sgalindo@carrero.com
370,Club Concepción-Gallardo,Ofelia Aparicio Zaragoza,056-730-3064x421,dariolara@bonilla.biz
371,Laboratorios Huerta y Enríquez,Bernabé Porras Monroy,(235)677-8265,jalarcon@despacho.com
372,Alcaraz-Corona S.C.,Pablo Jaime Carrera Palomo,807-279-1033,xtrevino@industrias.com
373,Grupo Velázquez y Alcaraz,Itzel Alemán Madrid,(817)766-5586,gabino27@nino.org
374,Industrias Pulido-Olivárez,Lic. Horacio Camacho,01109617981,lsantacruz@longoria.biz
375,Grupo Rentería y Ureña,Berta Daniela Rodarte,05766053844,victor63@pedroza.com
376,Corrales y Asociados,Minerva Zapata Matías,1-296-386-3960,ocazares@delgadillo.net
377,Club Godoy-Camacho,Patricio Clemente Velázquez Orosco,482-531-1060x92098,vazquezcarla@cedillo.com
378,Grupo Garibay-Luevano,René Guillen,640.412.0911x79112,ramon21@saldana-najera.com
379,"Campos, Salas y Alonzo",Anel Mariana Bermúdez,1-665-722-4029,carvajalana-luisa@roybal-zapata.com
380,Industrias Hernández-Casas,Uriel Anguiano,(088)235-1305x2312,roberto73@montero-urena.com
381,Saldivar y Pulido S. R.L. de C.V.,Dalia Esmeralda Delgadillo,1-461-994-2376,mpina@proyectos.biz
382,"Feliciano, Valverde y Morales",Ruby Barela Rascón,(084)964-9856,carrerojose-eduardo@portillo-escamilla.com
383,Galván-Nieto,Carolina Martínez Casillas,+50(5)3795381649,lorenagamboa@valentin-ledesma.org
384,Vela-Pérez,Guadalupe Guadalupe Fajardo,1-077-046-1172,nelly63@linares.org
385,Riojas S.A. de C.V.,Lorenzo Alfonso Tejeda Suárez,+50(1)7164455618,isabel90@lugo.com
386,Candelaria-Anaya S.A.,Abraham Chávez Cantú,1-632-135-8004,carranzabernardo@despacho.com
387,Grupo Vergara-Rincón,Cristian Jaime Cordero,1-671-883-9774x5731,silvano15@laboratorios.com
388,Balderas y Galindo A.C.,Miguel Ángel Olmos,1-715-398-8547,juanacaraballo@grupo.info
389,Proyectos Pabón y Escobedo,Homero Manuel de Anda,(491)271-1307x24078,qmora@urbina-bravo.com
390,"Galindo, Corona y Osorio",Lucía Sauceda,1-074-510-6634,conchitadel-valle@industrias.biz
391,Arteaga-Guzmán,Francisco Claudio Avilés,+94(3)1814396661,renesaldivar@grupo.com
392,"Laboratorios Acosta, Cabrera y Escalante",Violeta Romero,432.512.2572x07650,raulbermudez@laboratorios.com
393,Vergara y Abreu S.C.,Modesto Carmona,+09(4)3882211457,imontoya@laboratorios.info
394,Morales S.A. de C.V.,Minerva Ybarra Roybal,04802632570,mitzyprado@fonseca-burgos.biz
395,Lara-Tovar,Mitzy Concepción Jaimes Montes,1-696-443-0985,prietoeugenia@lomeli-carmona.info
396,Club Cornejo-Solorzano,Dr. Israel Ruiz,(140)703-4910,amalave@mora.com
397,Corporacin Limón-Sandoval,Cecilia Briseño,1-423-691-4307x53666,ibarratomas@grupo.org
398,Laboratorios Feliciano-Henríquez,Luis Manuel Rodolfo Feliciano Madera,(149)782-6612,gmarroquin@rocha-moreno.info
399,"Partida, Riojas y Amaya",Aldonza Pérez,02943985298,carlos62@aguayo.info
400,Bravo A.C.,Sr. Joaquín Villegas,04975019803,marisolsaldivar@grupo.com
401,Rubio S. R.L. de C.V.,Claudio Barrera,+29(1)8133170876,casastimoteo@roybal.net
402,"Proyectos Quiñones, Castañeda y Preciado",Agustín Esteban Collado Guajardo,(883)774-4197,virginia46@carbajal.biz
403,Despacho Limón-Reyna,Rubén Julio Alba,1-409-705-2774x0258,andreasosa@serna.com
404,Valladares-Mojica S.C.,Homero Israel Orta Barreto,767-929-8842x59959,cbarreto@covarrubias.com
405,Sanabria-Rolón,Eloisa Granado Cantú,(661)094-1017,paola02@cardenas-rascon.com
406,Grupo Hernádez y Salas,Teresa Fabiola Garza Ferrer,268.319.0130x20569,molinajose-luis@espinal.info
407,Munguía-Valdivia y Asociados,Armando Mario Ponce Ocampo,09128411730,alonso34@club.com
408,Téllez-Velásquez,Rafaél Sanches,(690)819-7400,dolores43@bahena-chavez.net
409,Bañuelos-Gracia S.C.,Rubén Vicente Aranda,169.918.7240,arandaitzel@laboratorios.info
410,"Proyectos Gil, Alonso y Baca",Federico Téllez Zúñiga,087-066-2668x217,nazarioangela@corporacin.com
411,Despacho Villalobos y Alarcón,Luis Terán,1-003-010-2724x0559,serafinceballos@roque.com
412,"Industrias Flórez, Saldaña y Munguía",Martín Madrid,843.845.8810,dalia97@despacho.com
413,"Laboratorios Uribe, Gaitán y Casillas",Zoé Collado Aranda,771.070.4496,enrique04@saldivar.biz
414,Armendáriz y Garrido S.A.,Cristina Sofía Prado,(040)850-9549x3059,yponce@cardona.biz
415,"Proyectos Téllez, Rivas y Pineda",Lic. Minerva Hurtado,(673)204-4138,amanda96@lara.com
416,"Proyectos Zúñiga, Alcala y Castellanos",Ing. Guillermo Duarte,1-707-070-5783x609,lebronpaulina@barela-quintana.com
417,"Corporacin Saldaña, Cavazos y Gaytán",Diego Wilfrido Arroyo Gonzales,00287950830,porfirio05@zapata.com
418,Bernal-Sarabia,Beatriz Mercedes Bernal Granado,1-595-616-4205,amalia65@lozano.com
419,López S.A.,Sra. Barbara Galarza,1-889-536-9026,bernalmateo@tijerina.com
420,Sosa y Solís S.C.,Estela Esquivel Velásquez,(353)537-5137,fnajera@valencia-santiago.com
421,Zedillo y Godínez S.C.,Elisa Ofelia Castillo,(369)294-4551x1668,miriamsaldana@grupo.com
422,Peralta-Irizarry,Yeni Rodrígez,120.602.1288x66526,sergiocasanova@miramontes-villareal.org
423,Armenta-Benavides,Marcela Paredes Rascón,647.229.8120x99576,emilia28@proyectos.info
424,Arriaga-Valle S. R.L. de C.V.,Pamela Sauceda,(456)522-0368x499,federico54@despacho.info
425,Garrido y de la O S.A. de C.V.,Sr. Gabriel Leiva,138-820-9088,adalbertosaenz@negron.com
426,"Rael, Soliz y Castro",Francisca Beatriz Casares Rael,(741)241-5131x528,rodolfo78@mascarenas-arellano.biz
427,Soliz-Matías,Rodrigo Aranda,032-963-3472x72742,sarabueno@despacho.info
428,Laboratorios Domínguez y Arellano,Vanesa Estefanía Olivares,935-782-4347x76958,glucero@despacho.info
429,Gutiérrez-Pizarro A.C.,Miguel Jaime Carrera Montenegro,1-627-796-3044x83608,ramiro56@quintanilla.com
430,Jasso S.C.,Jonás Armenta,(763)928-3199,gregorio98@alonso.biz
431,Merino-Morales,Anabel Arroyo,358-328-6342x5563,albertoaranda@soto.net
432,"Rubio, Arias y Cortez",Ing. Alberto Godínez,304-166-2411x18600,eugeniovillalobos@esquibel.com
433,"Sepúlveda, Altamirano y Madrid",Lic. Felipe Camarillo,976-461-3684,slinares@club.biz
434,Treviño-Cardenas S.C.,Samuel Alvarado,375-791-4521x182,irenevillasenor@despacho.org
435,Solorzano y Valverde y Asociados,Ángel Salcido,645-205-9960,luis-miguel87@marroquin.info
436,Serrano y Vaca y Asociados,Camilo Manuel Bernal,202-812-3710x672,vcintron@ozuna.com
437,"Lozano, Juárez y Solorzano",Rocío Nieto Valle,224-839-5894x77352,lindarojo@matias.com
438,Club Barrera-Adame,Dr. Felipe Cabrera,(751)097-9215x8350,robertolinares@viera.org
439,"Hernández, Valentín y Toro",Augusto Villarreal,134-249-1289,kmenendez@proyectos.com
440,Grupo Bustos y Contreras,Emilio Nicolás Abrego Mejía,00287675481,mariselaorozco@olmos.com
441,Tamez-Berríos S. R.L. de C.V.,Emilio Ledesma,1-268-774-1865x20575,ngallardo@club.com
442,Club Muro y Sotelo,Abelardo Villa,(515)480-9404,cotero@corporacin.info
443,Salas y Delgadillo S.C.,Aurora Arellano,092.221.6107,martinezevelio@proyectos.com
444,Industrias Navarro-Sevilla,Lorenzo Peña Ballesteros,03824127049,juanaparra@laboratorios.com
445,Carvajal-Mondragón S.C.,Sra. Norma Rivas,01121259020,sessanoriega@bonilla.com
446,Corporacin Avilés-Ojeda,Dr. Homero Cintrón,1-563-343-2447x4175,andrea87@despacho.com
447,Laboratorios Puente y Montenegro,Dr. Jorge Santacruz,(418)343-7401x8272,uvilla@valle-ocasio.org
448,Medrano e Hijos,José Carlos Abraham Covarrubias,(755)125-4278x207,kvillasenor@ozuna.com
449,Zaragoza-Miranda S.C.,Frida Amalia González,166-496-9028x2498,maytechavez@laboratorios.com
450,"Proyectos Cisneros, Montemayor y Reynoso",Clara María Cristina Abrego,(232)441-2336x13285,romerojaime@camarillo-rodriguez.biz
451,Club Ocampo y Rivas,Bernardo Ontiveros,526-546-9681,irene90@industrias.com
452,Molina-Sánchez y Asociados,Vicente Zamudio Otero,03273034615,bduenas@corporacin.info
453,Ibarra S.C.,Emiliano Leonardo Sierra Caraballo,1-151-602-5298x670,bpadilla@madrigal.com
454,Zayas-Raya,Jaqueline Rojas,1-585-126-8612x05943,dpuga@lerma.info
455,Navarro y Arteaga S. R.L. de C.V.,Esmeralda Pizarro Miranda,(408)424-5607x54091,arturo86@grupo.com
456,Laboratorios Colunga-Salcido,Esther Inés Reynoso,1-938-970-1550x29168,mirandasessa@club.com
457,Prieto-Carrión,Salvador Ibarra,(988)305-9736,jose-manuel48@zedillo.com
458,"Corporacin Adame, Palomo y Franco",Luis Manuel Ceballos Laureano,795-133-0531,patricia79@yanez.biz
459,Valdez y Alcala S.A. de C.V.,Guadalupe Montemayor Rael,773-826-4609,ruizmarisol@botello-franco.net
460,Maestas-Lovato y Asociados,Margarita Robles Anguiano,992-959-6604,ygollum@club.com
461,"Gamez, Galarza y Carranza",Dra. Conchita Covarrubias,686.536.9455x15888,zgarza@rivera.info
462,Proyectos Díaz-Pabón,Sr. Renato Mesa,1-216-966-6309x329,zamudiomicaela@altamirano.com
463,Bustos y Nevárez A.C.,Ing. Nelly Segura,1-275-327-3524,anguloluis@rico.org
464,Guardado y Díaz S.C.,Sara Carranza,523.710.0687x6164,zepedasonia@quinones.com
465,"Proyectos Otero, Arenas y Narváez",Yolanda Mercedes Quiñónez,(112)491-2565x237,raulcalderon@benavides-reynoso.info
466,Proyectos Hurtado y Monroy,Lic. Jesús Raya,1-494-902-2840x35954,jaime94@quinonez.com
467,Industrias Loya-Olivo,Dr. Aldo Galarza,1-429-045-8867x9252,liliana56@de.com
468,Ojeda y Alcaraz e Hijos,Jorge Francisco Javier Mares,1-324-913-5779,soriamauro@corporacin.com
469,Sarabia-Barrera S.A. de C.V.,Nadia Terrazas,00798334233,cdiaz@industrias.com
470,Industrias Madrigal-Ballesteros,Gabino Guerrero,1-977-180-5137x1717,felipetorres@industrias.org
471,Verdugo S.C.,Martín Evelio Villalpando,970-469-4725x87844,luisa35@laboratorios.info
472,Echeverría-Saavedra,Jaime Saucedo Rodrígez,221.641.7582x313,victorsanchez@corporacin.com
473,Industrias Correa y Mejía,Evelio Leonardo de la Torre Cotto,258.796.4347x4524,angelica57@club.com
474,"Baca, Paredes y Moreno",Mauro Hernán Almaraz Fierro,1-445-056-6588,marcossantacruz@lara.com
475,Corporacin Rosado-Villaseñor,Amanda Sofía Orellana Ruiz,499.601.0548,emilia41@cervantes.biz
476,Proyectos Corona-Villalpando,Dr. Rolando Bueno,1-359-848-8402x155,lgallegos@rocha-gil.com
477,Farías-Huerta S.A. de C.V.,Sra. Carlota Casares,666-708-0850x96085,kleyva@barrera-benitez.com
478,Tapia-Covarrubias,Araceli Vela,1-931-647-7251x295,xsuarez@alonso.com
479,Orellana A.C.,Francisco Javier Medrano Ponce,439-587-3959,jose-mariacordero@corporacin.com
480,Cavazos S. R.L. de C.V.,Andrea Menchaca Mascareñas,334.264.3350,esmeraldacastaneda@alvarez.biz
481,Ramón S.C.,Daniela Delia Olivares,1-112-898-1231x7955,nespino@sarabia-murillo.info
482,"Industrias Carrasco, Reyes y Alemán",Juan Peres Pabón,05541643167,laureanosonia@armenta-cisneros.com
483,Industrias Aguirre-Cazares,Cecilia Cintrón,1-700-934-5962x62282,asuncioncarmona@despacho.com
484,"Niño, Jaimes y Mayorga",Alberto Meraz Anaya,026.086.9822x105,estebanperea@carreon-rolon.info
485,"Terán, Quiñónez y Cervantes",Sra. Gloria Rolón,425.859.1779x323,hugogarza@cadena-paez.com
486,Haro-Gastélum,Dr. Israel Méndez,1-798-894-2565x29060,jose-emilioalcaraz@laboratorios.com
487,"Medrano, Alba y Vázquez",María Teresa Inés Escobedo Vélez,737-948-7148x552,ana78@caldera.net
488,"Despacho Navarrete, Polanco y Alvarez",Camila Cabrera,711.842.5476,santanajose-emilio@segura.com
489,Farías e Hijos,Mitzy Zaragoza Coronado,1-880-858-3825x2129,israeltoledo@fierro.biz
490,"Club Solorio, Pérez y Rolón",Guillermina Carla Macías Abrego,04843991062,hildacruz@club.biz
491,Grupo Montez y Batista,Hernán Cintrón,192-372-4501x848,zamoragraciela@laboratorios.com
492,Corrales y Batista y Asociados,Estela Arevalo Olivárez,176-927-4381,zavalaofelia@guardado-saldana.biz
493,"Báez, Cantú y Lemus",Ing. Pedro Méndez,(451)017-3973x964,saavedramarisol@zepeda.com
494,Villanueva-Calvillo,Sra. Bianca Griego,996.605.7798,ozunarosario@alvarez.com
495,Méndez A.C.,Lic. Aldo Reyes,555-347-0574,luis-miguelvaldez@pacheco-montero.com
496,Burgos y Merino S.A. de C.V.,Lic. Elisa Mateo,(116)597-2634,vmontoya@najera.com
497,Carrasco S.A.,Dra. Mayte Valencia,(882)691-3119,jirizarry@tejada-moreno.com
498,"Cano, Lozada y Vargas",Javier Francisco Javier Quintero,+38(2)4073333732,lucioomar@rosas.info
499,"Valadez, Ureña y Vanegas",Luis Escamilla,969-645-4655x3585,cervantesadriana@proyectos.com
500,Sarabia-Rolón,Graciela Cantú,358.374.9079x7796,de-la-torrealonso@valdivia.info
501,Despacho Moreno-Barragán,Ing. Aldo Zamora,626.374.8453x986,margaritavilla@aguayo-aviles.com
502,Batista-Barela,Lilia Cuellar,339.220.7151x16966,irojo@elizondo-caldera.com
503,Laboratorios Posada-Hernádez,Arcelia Cristina Hurtado Padilla,1-351-571-8409,valdesclemente@cadena-de.net
504,Acuña S.A. de C.V.,Georgina Alicia Vanegas,1-512-397-2835x1295,esmeraldadiaz@proyectos.org
505,Terrazas y Asociados,Jacinto Humberto Cardenas,298.217.3929,eugenia86@carrion.com
506,Corporacin Cisneros y Grijalva,Cynthia Leonor Arguello Muñiz,+79(1)8158998868,rubenmayorga@club.biz
507,"Puga, Ocasio y Borrego",Aldonza Marisela Cano Medina,(796)474-0803x1499,socorromartinez@tellez.com
508,"Club Escobedo, Mora y Terrazas",Mariano Sauceda Soria,(850)317-2351,isabelafonseca@armenta.com
509,López-Acuña,Jesús Díaz,356-022-9394x694,teresalaboy@alarcon.biz
510,"Proyectos Espinal, Saavedra y Hernandes",Sra. Rosario Ortega,+72(3)1112712852,clara48@corporacin.com
511,"Ferrer, Briseño y Vaca",Débora Camila Sisneros Aranda,711.306.2113x695,ccollazo@santacruz.com
512,Laboratorios Matías y Armas,Sra. Cecilia Mondragón,257-306-6248,garzajose-luis@corporacin.info
513,Guillen-Zarate,Fabiola Valdés,(285)011-6880,adriananevarez@collazo.com
514,Olivárez A.C.,Sra. Julia Valverde,03098107964,vrascon@laboratorios.com
515,Roque y Corral S.C.,Isabela Garrido,426-425-0642,ricodalia@club.com
516,"Pérez, Perales y Rincón",Magdalena Julia Rivas Narváez,1-562-833-3393,frida86@maldonado-gallardo.com
517,Cardona y Torres e Hijos,Frida Rosalia Paz Ávalos,1-358-268-6270,carmenvanegas@corporacin.biz
518,Grupo Patiño y Mateo,Elvira Caridad Ruiz Mata,980.111.0005x1553,marco-antoniomaldonado@naranjo-mata.org
519,Roldán y Mireles e Hijos,Humberto Israel Campos Valenzuela,(226)189-6288,sleon@despacho.com
520,Cervántez S.C.,Juana María Luisa de la Rosa Almonte,1-579-927-0795x5151,hectormacias@cornejo.com
521,"Laboratorios Botello, Mota y Zavala",Aida Rosalia Villanueva Perales,(543)848-0752,griegovicente@club.com
522,Blanco y Mercado S. R.L. de C.V.,Cristobal Alarcón Vela,+46(3)7660465586,imonroy@ibarra-urias.info
523,"Corporacin Botello, Rascón y Bravo",Mercedes Carrera Altamirano,131-251-2931,aguirrealberto@batista-cortes.info
524,Caraballo-Casas A.C.,Felipe Aurelio Escamilla Bustos,1-106-330-1658x37379,glorialoera@quintero.net
525,Bétancourt S.A.,Guillermo Colón,(931)132-5326x9496,mariano64@guajardo-tamez.com
526,"Proyectos Cuellar, Barragán y Bañuelos",Oswaldo Jorge Luis Balderas,617.015.9591x9457,hermelinda57@proyectos.com
527,Industrias de la Rosa y Arias,Leticia Rivero Riojas,1-677-722-6602,carla26@alcaraz-puente.com
528,Industrias Enríquez-Gamboa,Adán Julio César Rodríquez,453-076-2484,juanruiz@prieto.com
529,Balderas y Morales A.C.,Javier Octavio Zúñiga,(238)736-7042,ruby49@casas.net
530,"Corporacin Niño, Cazares y Negrón",Ing. Anabel Almanza,1-563-353-5748x595,gonzalomedina@laboratorios.com
531,Valladares y Rodrígez A.C.,Mercedes Cadena Olivo,951-877-9417,yespinoza@laboratorios.info
532,Grupo Acosta y Menchaca,Rosa Rosas Valenzuela,457-598-3399,lucerocornelio@industrias.com
533,"Piña, Alba y Lugo",Dr. David Lucio,+06(1)5727682975,laraeva@grupo.com
534,Corporacin Alfaro-Castañeda,Jerónimo Urías Romero,256.806.5625,leyvaaida@segura.com
535,Barela y Barreto S.A.,Camilo Ramiro Dávila Gollum,05551651768,sosadelia@correa.com
536,Covarrubias y Carrillo y Asociados,Dr. Gerardo Badillo,800-370-0332x28556,galmaraz@club.com
537,Feliciano S. R.L. de C.V.,Fernando Godínez Verduzco,051.958.2632x809,renato85@crespo.com
538,Estévez-Mena S.A. de C.V.,Bianca Silvia Lira,1-079-863-2106x133,yuridia39@corporacin.org
539,"Grupo Segura, Alva y Marín",Flavio Durán Merino,1-765-769-2778,virginia31@abrego-angulo.org
540,Alba S.A. de C.V.,Israel Rael Olivárez,921.053.3651x46040,madridhoracio@club.info
541,Despacho Carreón-Briseño,Mauro Venegas,1-844-097-1231x66007,arivero@despacho.com
542,"Laboratorios Lerma, Roque y Fierro",Sr. Héctor Escobedo,700.968.7304,ernesto95@rodriquez.com
543,Ureña-Toledo S.A.,Sandra Montenegro Palomo,(965)754-2786,elsa19@grupo.info
544,Despacho Montalvo-Santillán,Timoteo Jorge Toledo Crespo,1-236-161-8808x1904,mauromesa@carrion.com
545,"Solorzano, Orozco y Gaona",Dra. Leticia Caraballo,723.081.7214,cristalmadrigal@industrias.com
546,Angulo S.A. de C.V.,Fernando Esteban Becerra,04716560945,nnoriega@club.com
547,Aparicio y Sanabria S.A. de C.V.,Alicia Herrera Rojas,816-995-7060x717,maria-cristina11@laboratorios.biz
548,Guardado-Zayas S.C.,Javier Marín Urías,1-739-610-2908x71827,martha68@hernandes.com
549,Delgado y Razo S.A. de C.V.,Alfredo Humberto Zaragoza Meraz,(121)377-3062x604,mateomolina@giron.com
550,de Anda-Chávez,Tomás Rubén Alva Quezada,560.858.1670x468,ebarrera@irizarry-muniz.info
551,"Sarabia, Guerrero y Chapa",Alberto Emiliano Briseño,1-237-858-4712x9618,gomezlorenzo@corporacin.com
552,Balderas-Segovia y Asociados,César Sosa Jáquez,1-804-253-7337x7731,carolinauribe@concepcion-cavazos.net
553,Proyectos Barreto-Romo,Anel Valles,(365)346-0605,mamaya@ornelas-rascon.com
554,Club Saucedo-Palomo,Gerardo Timoteo Soliz Loera,169.061.8120x546,frida54@manzanares-rodrigez.info
555,"Villalpando, Valencia y Zedillo",Lic. Carlota Rodarte,1-175-889-1444,noemi83@mejia-grijalva.com
556,Malave-Espinosa y Asociados,Minerva Patiño Leiva,963-924-3588,lucas79@despacho.com
557,Elizondo-Salgado S.A. de C.V.,Julio César Roybal,1-497-852-4914x16860,esparzapedro@renteria.com
558,"Farías, Jáquez y Ávalos",Rosario Marisela Yáñez,07665122150,barriosrodrigo@ulibarri-tello.com
559,Proyectos Caldera-Piña,Alfredo Valverde,+01(5)9446333999,maria-jose53@despacho.com
560,Grupo Olivera y Figueroa,Rocío Alfaro,(199)471-1363,florenciade-jesus@grupo.com
561,Laboratorios Manzanares y Puga,Lic. Judith Ramírez,1-311-677-2696,tororicardo@laboratorios.net
562,Medina-Alonso S.C.,Rocío Oquendo,1-935-219-6263x355,plara@grupo.com
563,Laboratorios Barragán y Regalado,Julio Vázquez Montaño,607.676.1645,renenavarro@club.org
564,Proyectos Arce y Olivárez,Amelia Girón Bustamante,1-219-804-1847x24264,maximilianoparra@grupo.com
565,Vega e Hijos,Hugo Roberto Rodrígez Piña,(303)911-1428,riosmaria-luisa@duarte-corral.com
566,Proyectos Aguilera y Melgar,Héctor Porfirio Alonso Sanches,062-207-2239x5947,eugeniadel-rio@guzman-cuellar.org
567,Barrera S.C.,Abel Hugo Rincón Tafoya,688.687.8599x648,gde-la-cruz@castro.com
568,Lugo-Carrillo S. R.L. de C.V.,Juana Josefina Luna,057.303.6279,susanamadrid@guevara.com
569,Hernádez y Ruiz S.C.,Yeni María Elena Nieto Flores,1-260-321-4505x766,zamorasergio@sepulveda-urena.com
570,Barreto y Mora S.A. de C.V.,Jacinto Santillán,(012)840-0838,alvaro76@rincon-montenegro.com
571,"Corporacin Ávalos, Sierra y Vigil",Mario Omar Prieto,089-812-6574x2231,zleal@despacho.com
572,Grupo Peralta-Varela,Luis Manuel Coronado,(894)301-2047x137,yolandasalcido@betancourt-rico.com
573,Rodarte-Holguín S. R.L. de C.V.,Nayeli Menéndez,582-984-9330x67458,ivonne60@proyectos.net
574,Proyectos Gaona y Guzmán,Cecilia Asunción Torres Santiago,666.954.1329,xbarraza@baez-pulido.biz
575,Club Rojas-Angulo,Ivonne Casanova Manzanares,776.936.6343,amandacrespo@villasenor-ocampo.com
576,Borrego-Borrego,Eduardo Toledo Porras,120.072.0245x591,de-jesuswilfrido@camarillo-arellano.com
577,Abrego y Asociados,Enrique Ornelas,149.498.1942x179,jacobo81@zepeda.com
578,Orozco y Asociados,Sonia Curiel Rojas,1-584-466-3453x372,arturobetancourt@villagomez.com
579,Rangel-Castro,Arturo Horacio Mercado Maya,1-376-618-9437x0526,ana-mariabarraza@aparicio.com
580,"Escobar, Salinas y Rivas",Wendolin Guillermina Rascón,565-920-2461,jmesa@cintron.net
581,Ledesma y Fierro e Hijos,Luis Manuel Alfonso Aguirre Muro,1-595-501-7833x25848,ltafoya@club.org
582,"Industrias Reyes, Armendáriz y Linares",Aida Pantoja Villalpando,176-799-3593x74403,citlali40@despacho.com
583,"Acevedo, Posada y Arreola",Hernán René Treviño,(084)907-9388x413,uvalentin@diaz-trejo.com
584,Portillo A.C.,Sessa Guillen Rosado,+12(4)2446263251,wilfrido88@bermudez-cortes.com
585,Grijalva A.C.,Dr. Claudio Razo,1-188-781-7941,esteban52@esparza.com
586,Barajas-Curiel,Jorge Emiliano Solorio Téllez,1-750-566-1863,juanroybal@gaytan-saldana.net
587,Ontiveros y Medina e Hijos,Daniela Arguello Arce,1-309-505-5605x712,villegaslilia@villasenor-chacon.info
588,Uribe y Ureña e Hijos,Bianca Apodaca Mateo,486.401.0424,rcorral@patino-benavidez.com
589,Samaniego-Manzanares,Lic. Agustín Alvarez,(521)289-9151,jaimealta-gracia@castaneda-elizondo.com
590,Gómez-Arroyo,Ing. Roberto Toro,08984841604,qcaban@jimenez-avila.com
591,Villalobos-Acuña,Octavio Alfredo Rodarte,681.429.8315,jose-luisvarela@alfaro-rodrigez.com
592,Grupo Saucedo-Griego,Abril Trinidad Solorzano,937-830-6396,lourdesloya@chacon-palacios.biz
593,"Corporacin Haro, Castellanos y Peres",Lic. Abel Carrero,934-292-9132x033,becerracitlali@grupo.org
594,Gaitán e Hijos,Adalberto Luis Carbajal,1-372-215-5668,esperanza32@club.com
595,Sáenz y Lara S.C.,Gilberto Acosta Prieto,1-200-784-3614x244,elenaalcaraz@tamayo.info
596,Madrigal-Garrido S.C.,Hernán Romero,427-372-0376x388,franciscojasso@solorio-hernandez.com
597,"Proyectos Sevilla, Marín y Páez",Antonio Valverde Carbajal,443.899.8278,cordovaalfredo@urrutia-perea.com
598,Rosales S.A.,Carlos Iván Pizarro Heredia,1-493-699-9516x79335,miramontesantonia@guajardo.info
599,Club Valenzuela y Alemán,Camilo Rubén Chapa,603.768.1187,martingallegos@corporacin.com
600,Villagómez S.C.,Homero Sergio Rascón,1-153-911-4983,rolonrodolfo@laboratorios.com
601,"Menéndez, Camarillo y Bueno",Paola Girón,1-406-557-8201x9043,jacobogonzalez@duarte.com
602,Grupo Lucero y Rincón,Mauricio Gastélum Cervantes,+13(5)4621276025,tejadajos@cardona.com
603,Corrales-Pelayo,Mariano Gabino de la Crúz,888-995-7298,estelapizarro@industrias.com
604,"Industrias Gallegos, Almonte y Estévez",Francisca Josefina Tello,1-191-203-8187x692,sisnerosjose-eduardo@proyectos.com
605,Guardado-Tijerina,Antonia Mojica,814-458-2206x7323,sisnerosignacio@becerra.net
606,Medina-Rincón,Hernán Jonás Anguiano Apodaca,+00(0)1529113717,claudio90@corporacin.com
607,"Proyectos Loya, Ibarra y Crespo",Ricardo Diego Zapata,(987)478-1224x89056,garevalo@robles.org
608,Acevedo e Hijos,Dr. José María Montaño,515-848-2669x13624,adriananegron@navarrete.com
609,"Arguello, Urías y Arenas",Ana Leticia Franco Guajardo,(998)795-0982x210,bernardo16@proyectos.net
610,Ibarra e Hijos,Dr. Roberto Rojo,383.638.1643x212,ulucero@industrias.biz
611,"Grupo Alonso, Guerra y Perea",José Luis Raúl Prado Gallegos,04417064625,santiago02@giron.net
612,Corporacin Espinosa-Altamirano,Modesto José María Manzanares,(448)988-0315x388,rodolfomeraz@club.com
613,"Laboratorios Báez, Lovato y Griego",Flavio Frías,384.951.6321,cabreraolga@sotelo.com
614,Zepeda S.A.,Silvano Bustos,373-265-3060x11987,catalina17@urias.com
615,Grupo Amador-Anguiano,Sra. Hilda Pedroza,08298036577,rufino91@acosta.com
616,Cervantes-Baeza A.C.,Sr. Cornelio Sotelo,941-843-3687x50926,jorgecotto@industrias.com
617,Grijalva-Razo,Ing. Jonás Peralta,01404288605,mirandanicolas@ortega.com
618,Carrión-Cazares,Aida Amalia Espinoza,+83(5)6691062715,felipedel-rio@corporacin.com
619,"Saucedo, Urbina y Elizondo",Olga Barbara Ruelas,768-293-8440x13480,vesquibel@grupo.com
620,"Arredondo, Galindo y González",Rocío Castellanos Avilés,05709085991,salvador92@regalado.org
621,Club Zamora-Vega,Ing. Rosalia Vega,489-971-8428x596,ignaciomenendez@lozano-alonso.net
622,"Industrias Esquivel, del Río y Espinal",Esteban Francisco Javier Lozano,669-806-9087,claracarvajal@perales.info
623,Laboratorios Gálvez-Mares,Zoé Gil,935-953-8280x4056,colladomartha@mondragon.com
624,"Villanueva, Muñoz y Tovar",Mariano Gustavo Cabán Urbina,965-613-0876x123,micaela51@proyectos.net
625,Grupo Villagómez-Márquez,Estela Arevalo,+27(3)0086966101,msantacruz@bonilla-espinoza.org
626,Alvarez-Arriaga A.C.,Mónica Ana Luisa Leiva,04915076283,opatino@despacho.com
627,"Despacho Saldivar, Quintana y Quintero",Dra. Karina Curiel,+72(6)6292508177,karreola@irizarry-altamirano.biz
628,"Despacho Esquivel, Farías y Fierro",Eloisa Araceli Centeno Martínez,235.617.8170,jesuscanales@zavala-davila.com
629,"Carreón, Gaona y Pichardo",Porfirio Matías,778-956-1337,trejosilvano@corporacin.org
630,Arreola-Cisneros y Asociados,Francisca Mercedes Armas,06440373416,gtellez@club.com
631,Despacho Alcaraz-Cuellar,Óscar Sergio Terán,(134)862-9857,wgonzalez@gomez.com
632,Industrias Matos-Paredes,Jonás Girón Vega,1-079-866-1770x673,xsisneros@proyectos.com
633,"Toledo, Colón y Bravo",Espartaco Francisco Javier Montes Menchaca,(216)505-8714x69218,diegovasquez@corporacin.info
634,Valdés S. R.L. de C.V.,Trinidad Jasso,699.848.0220,armando93@zamora.com
635,Corporacin Zelaya-Miranda,Lic. Nelly Barraza,145-788-7071x52386,eorellana@industrias.org
636,Laureano y Olivares y Asociados,Víctor Antonio Riojas,987.682.9968x722,leonor93@arellano.net
637,Ozuna e Hijos,Zeferino Genaro Negrete Ávila,1-405-669-5790x01248,ana-luisanoriega@corporacin.info
638,"Estévez, Cintrón y Morales",Dra. Cristina Gurule,289-463-3891x56241,jose-manuel85@dominguez.com
639,Club Villalpando-García,Jorge Tamayo,513.818.6550x7846,alejandro95@loera.com
640,Corporacin Casares y Sepúlveda,Sra. Beatriz Rosales,720.385.9340x1536,ernesto54@cardenas.com
641,Despacho Gálvez y Delgadillo,Rosa Gallegos Perea,813.675.0094x214,arandaangelica@club.com
642,Valentín y Balderas S. R.L. de C.V.,Octavio Abelardo Jurado Muro,388-856-2258,dpena@vergara-santillan.info
643,Lemus y Lugo y Asociados,Darío Oswaldo Miranda Segovia,1-485-965-5942,urielcasanova@porras-mercado.com
644,Proyectos Aguayo-Arenas,Elias Maldonado Nieves,393-132-1551x30557,soloriolucas@vaca.com
645,"Corporacin Solís, Sosa y Olivera",Patricia Rosa Salas,736-774-6202,laura25@grupo.com
646,Cepeda-Espinal,Cristian Felipe Zepeda,049-106-0183,figlesias@grupo.com
647,Tejada S.A.,Leonor Minerva Brito Reséndez,(257)754-5847,caridadcorrea@melgar.org
648,Segura-Rendón,Sofía Nelly Guajardo,160.827.1721x73373,andresmelgar@grupo.org
649,Laboratorios Patiño y de la Torre,Marco Antonio Jerónimo Vigil,04388232553,adelavaladez@corporacin.info
650,Gaona y Cuellar y Asociados,Florencia Emilia Almonte,1-544-979-1279x9702,esmeraldabarrios@despacho.org
651,Soto y Salinas e Hijos,Fidel Óscar Mena,988-322-0125,jayala@grupo.com
652,Zepeda y Rivero S. R.L. de C.V.,Mayte Varela,1-535-852-3860x030,tomas36@vega-vela.com
653,Rincón-Barrera,Citlali Gaitán Vásquez,00292950143,plebron@despacho.org
654,"Rodrígez, Borrego y Gaitán",Ing. Arcelia Carrero,602-213-2176,dchavez@zelaya-burgos.com
655,Olivas-Padrón,Cristobal Espartaco Arguello,09072587339,arturolozada@club.com
656,Duarte S.C.,Sr. Eduardo Lerma,(114)086-8250,gustavo29@club.com
657,Montez-Olivares y Asociados,Abel Fidel Varela,529.701.3712x4365,margarita56@proyectos.com
658,Cortés-Alvarez,Óliver Amador Pichardo Castañeda,927.387.4029,quinteroenrique@polanco.biz
659,Grupo Castro y Lerma,Silvia Carbajal,1-542-034-0301,naranjocristal@valle.biz
660,"Industrias Barragán, Nevárez y Quintero",Dra. Jaqueline Linares,(234)712-4760x108,casanovalaura@arellano-franco.com
661,"Urrutia, Godínez y Camarillo",Laura Esther Bustamante Sáenz,(680)808-1571,noeliaangulo@monroy-ballesteros.info
662,Estévez-Sauceda,Lucas Regalado Canales,073.510.4584,mmacias@del.com
663,Vallejo S.C.,Jos Renato Suárez Mota,1-669-470-3180x533,zcortez@hernandez.biz
664,Despacho Morales-Vigil,Ramón Gerardo Chavarría,1-700-046-6614x59011,ramonnayeli@robles.com
665,Iglesias S. R.L. de C.V.,Ricardo Urías,09490531520,paulina98@villalpando.org
666,Ortega y Zelaya S. R.L. de C.V.,Sandra Elena Barragán Farías,1-971-669-8416x612,indirallamas@rubio.org
667,"Grupo Gonzales, Delgado y Medrano",Cristal Diana Serrato,(994)991-9701x42620,georginaavalos@toledo.com
668,"Baca, Covarrubias y Amaya",Sr. Ricardo Botello,599.898.9721,raelalonso@laboratorios.net
669,"Hurtado, Maestas y Téllez",Emiliano Clemente Razo Moya,839-785-7082x0048,peraltaguadalupe@rojas-caban.com
670,Club Valladares y Briones,Lic. Bernabé Bravo,(879)429-6882,lorosco@arteaga.org
671,Girón-Carvajal S.A. de C.V.,Santiago Manuel Carreón,607.832.7488,alta-graciaocasio@carbajal-rincon.biz
672,Corporacin Armenta-Zedillo,Violeta Sandra Leyva,668.349.6047x8421,jalba@canales-olvera.com
673,Venegas-Guerra y Asociados,Esther Natalia Treviño,089-348-6883,pulidohernan@club.info
674,Pizarro-Alonzo,Sra. Araceli Macías,03193592361,marco-antonioroldan@abrego.com
675,Hernández S.A. de C.V.,Mercedes Cabrera,502-544-7241x916,susana03@corporacin.biz
676,Rodrígez-Roybal,Rafaél Cristian Holguín,898.088.0678x2141,ajuarez@gastelum-mena.org
677,Club Ocampo-Jaimes,Lorena Tijerina,396.987.4869x4155,zeferino01@cervantez-zamudio.com
678,Romo S.A. de C.V.,Juan Armendáriz,117.160.3988,afranco@guzman-partida.com
679,Serrato-Venegas,Ing. José Manuél Zamudio,+67(0)0099424894,bernardolozada@nunez.org
680,"Prado, Salinas y Partida",Jerónimo Pulido Iglesias,(045)657-7580,xmanzanares@garcia-espinosa.net
681,Pizarro S.A.,José Luis Holguín,622-654-0165x995,carlosaguirre@cruz.com
682,Corporacin Durán-Razo,María Luisa Verónica Rojo,(625)916-0112,felipe15@industrias.com
683,Cardenas S.C.,Lic. Karla Rosales,1-782-312-9957x04726,jesus61@laboratorios.com
684,Industrias Heredia y Girón,Indira Elisa Posada Montemayor,1-968-078-5254x82421,josefinamelendez@corporacin.biz
685,"Corporacin Nazario, Lira y Robles",Carolina Estrada Bermúdez,02327489791,xquezada@fonseca.com
686,de la O y Angulo S.A.,Nancy Ojeda,(217)508-0196x30453,olverapatricia@corporacin.com
687,"Industrias Girón, Menéndez y Godínez",Sr. Alfonso Cano,167-784-8165x2444,ramiro46@tapia.net
688,Barraza-Roldán S. R.L. de C.V.,Srita. Margarita Urías,00539128788,marcela69@villa.com
689,Malave S.A. de C.V.,Pamela Violeta Cepeda Roque,04724630198,lhernadez@grupo.org
690,Curiel y Soliz S.A.,Rufino Candelaria,187-062-9328,velezmariana@grupo.com
691,Alejandro-Escalante,Eric Acevedo,+18(6)7661008987,acasas@lucero-esparza.com
692,"Cabán, Lomeli y Bañuelos",Rodolfo Longoria,1-319-807-4682,abigailmares@villalobos.com
693,Farías e Hijos,Maximiliano Páez Echeverría,+54(5)9671500666,fjimenez@alcantar-orozco.com
694,"Proyectos Briseño, Bustamante y Garza",Sr. Mateo Toro,1-169-949-7089,nazariomarisol@club.com
695,"Industrias Cisneros, Ocasio y Téllez",Lic. Rosalia Palacios,(697)083-8688,rodriquezlourdes@beltran.com
696,"Dueñas, Naranjo y Rendón",Rufino Mauro Ocasio,+93(2)0126578982,talejandro@uribe-adame.org
697,Chávez-Beltrán y Asociados,Isabela Hilda Segovia Martínez,07774127469,eduardocaldera@corporacin.biz
698,Club Jáquez-Díaz,David Tomás Romero Mesa,917-045-4218x5457,matoselvia@despacho.com
699,Salgado-Abrego e Hijos,Sra. Amelia Barajas,635-640-7232x47282,rolando00@ruelas-solis.net
700,Grupo Iglesias-Regalado,Bernabé Chacón,(168)507-1058x011,abel92@cardona.com
701,"Blanco, Armas y Naranjo",Mario Avilés,1-230-071-6950x0741,marisol54@proyectos.net
702,Pedraza y Villaseñor S. R.L. de C.V.,Srita. Lilia Montañez,944-716-1982,zfierro@proyectos.com
703,Holguín S.A. de C.V.,Elias Mora Valentín,(963)217-4357x48352,dtamayo@laboy.com
704,"Ramos, Esquibel y Villalobos",Dulce María Heredia,(883)842-5364,ichavarria@menendez.com
705,Quiroz y Lebrón e Hijos,Julio César Murillo Rangel,551.562.3920x9085,fidel07@laboratorios.com
706,Botello-Camarillo,Mayte Julia Cadena Zaragoza,(025)476-0220x69535,emilio20@cervantez-echeverria.info
707,Valles-Munguía y Asociados,Abraham Cotto Perales,1-015-153-2594x79507,benjamin71@espino.org
708,Moreno e Hijos,Dra. Sara Amaya,100.649.3403,acostarodrigo@castro-aparicio.biz
709,Santillán S. R.L. de C.V.,Sr. Arturo Torres,(913)599-2855,biancavalverde@contreras-armenta.biz
710,Aponte-Bahena,Mariana Ofelia Vélez,+06(9)6801867740,hermelindasanches@laboratorios.org
711,"Corporacin Vera, Noriega y Garza",Abel Orozco Salas,1-625-503-2501x736,pedro26@corporacin.net
712,"Grupo Verduzco, Ballesteros y Escobar",Srita. Dulce María García,(511)009-0605,abrahamtoledo@segovia.com
713,Despacho Bueno-Olivo,Magdalena Dulce María Chacón,045.759.8875x9212,kmarrero@arredondo.biz
714,Proyectos Aguilera-Cisneros,Ivonne Irma Soliz Escobar,04770920711,javier38@duran.biz
715,Despacho Zúñiga-de la Torre,José Ramón Castellanos,970-591-6118x6385,maria-eugenia81@varela-rivas.info
716,Laboratorios Cabrera-Olivárez,Minerva Armendáriz,1-053-789-3186x92897,julialeal@marquez-aviles.com
717,Grupo Romero-Curiel,Amador Díaz Ureña,1-948-232-2041,rodrigo74@laboratorios.com
718,Pérez-Murillo,Lic. Wendolin Estévez,1-020-203-0423x22775,felixguerrero@esquibel-arguello.com
719,Perales-Meza,Lucas Hernandes Ortiz,1-005-937-7756,terrazasmateo@proyectos.com
720,Pelayo-Benavides,Frida Josefina Zúñiga Arevalo,(983)104-3841,korosco@industrias.com
721,"Ruiz, Alcaraz y Sánchez",José Emilio Palomino Valdés,667.063.6219,xnajera@madrigal.com
722,"Corporacin Arce, Quintana y Prado",Daniela Úrsula Malave,339.650.4962x7322,bcervantes@bueno-lucero.com
723,"Grupo Partida, Chapa y Montalvo",Victoria Mayorga,218-808-7991,ocordero@laboratorios.org
724,"Irizarry, Garay y Fernández",Ilse Grijalva,472-505-8333,lorenzo03@berrios-navarrete.net
725,Palomino y Amaya S.A. de C.V.,Ing. Miguel Ángel Orellana,1-947-576-9453x53659,zjuarez@villegas.com
726,"Frías, León y Castro",Ernesto Jorge Lira,080.959.4815,claudiaybarra@corporacin.biz
727,"Madrid, Ramón y Echeverría",Gerardo Adalberto Rendón,235-914-2614,jaimestania@grupo.com
728,"Proyectos Mateo, Mares y Gallardo",Mauricio Valverde Paz,731.008.1785,horaciocasarez@negrete-ulloa.info
729,Valdés-León,Celia Fuentes Naranjo,(426)874-4701x73208,vmondragon@grupo.info
730,Industrias Posada-Pabón,Leticia Escobedo Esquivel,1-014-005-2781x055,arcealvaro@club.com
731,"Grupo Maya, Rivas y Esquivel",Manuel Alberto Zayas,(391)368-1720,germanfajardo@montemayor.net
732,"del Valle, Amador y Zaragoza",Samuel Omar Gurule Montañez,595-332-2273,lilianazavala@despacho.info
733,Proyectos Moreno y Garza,Gabino Manuel Ponce Brito,507-610-8708x2697,santiagojaime@club.com
734,Castellanos y Cortés S.C.,José Rodolfo Garibay,(821)764-8467x3574,humbertofuentes@laboratorios.com
735,Caraballo y Asociados,Dra. Esmeralda Corrales,892.225.6062,manuel50@guerra.com
736,Tapia-Baca,Lic. Óscar Leal,03075384185,albertobecerra@proyectos.biz
737,Sauceda y Asociados,Lic. Gabino Vásquez,756.154.7055x49121,eric64@bernal-valles.com
738,Porras-Jurado A.C.,Sra. Olivia Núñez,1-395-787-5207x0204,elviacovarrubias@batista.info
739,Chacón-Burgos,Iván Arturo Ferrer Vázquez,696.789.7609,egalvan@club.com
740,Zarate-Escalante,Mario Julio Amaya Rincón,1-988-978-6533,lorenzo19@olivas-mendez.com
741,Despacho Sepúlveda y Véliz,Cristal Gonzales Castellanos,021-915-0576,ruben97@club.com
742,"Valentín, Rivera y Ortiz",Ing. Ricardo Puga,649.797.4163x656,hinojosaalma@altamirano.com
743,Mascareñas-Garay S.C.,Alfonso Villalobos,649.692.7711x95296,adrianaflorez@nevarez.info
744,Duarte S.A. de C.V.,Beatriz Cuellar Tafoya,(763)643-1594,perla65@club.com
745,"Proyectos Loya, García y Maldonado",Sr. Iván Casas,999-393-4497x439,cynthia40@grupo.org
746,Sanches-Peres S.A.,Ing. Zoé Gamez,1-889-413-2109x7202,roquebenjamin@mena.net
747,Espinoza-Llamas e Hijos,Ivonne Ilse Rodríquez,1-220-300-4496x4612,mayteayala@cisneros.com
748,Chacón-Carrero,Miguel Merino,589-635-9570x861,darioibarra@urias-lugo.com
749,Osorio-Oquendo S.A.,Arturo Francisco Javier Torres,(503)423-6220x3347,jose-emilio46@laboratorios.com
750,Laboratorios Raya y Venegas,Mayte Verónica Ortiz,(008)529-4690x2177,cristian74@despacho.com
751,Correa S.A.,Itzel Arreola,(289)466-5275,leonardofernandez@industrias.com
752,Despacho Cervantes-Menéndez,Olga Barbara Galván,1-030-334-6771,porraseva@alarcon-quezada.biz
753,Proyectos Romo-Montenegro,Emilia Báez Delgadillo,530-123-9847,modestoanaya@corporacin.com
754,"Club Barreto, Verdugo y Alemán",Mauro Emiliano Dávila,(240)507-6487x17754,ncaraballo@corporacin.com
755,Industrias Quintana y Corrales,Ruby Carolina Mojica Santiago,02259095668,pedro82@club.info
756,Escamilla-Camarillo,Benito Benjamín Arreola Casares,780-358-6901x7074,garzaofelia@corporacin.org
757,"Laboratorios Mota, Domínguez y Zamora",Beatriz Salcido Canales,(227)643-3872,alfredomuro@grupo.com
758,"Mayorga, Hurtado y Villareal",Dalia Dalia Abreu,1-833-444-7048x87899,alberto47@de.com
759,"Sarabia, Montes y Becerra",Dra. Cynthia Ramos,492.663.2956x342,esalinas@de.org
760,Despacho Peralta-Blanco,Irene Natalia Botello,920-592-2941,medranodalia@despacho.com
761,Verdugo-Padilla S.A.,Elvira María del Carmen Corrales,629-420-6615x49808,evelio33@garica-tijerina.com
762,Laboy S. R.L. de C.V.,Elena Cortez,01221215481,marcela26@tello.com
763,Cano y Asociados,Sra. Mónica Mena,880-644-2006,mercedessandoval@quintanilla.com
764,Soliz-Menchaca y Asociados,Sandra Laura Lerma,419-623-4219x262,eduardoespinoza@despacho.com
765,"Grupo Hernandes, Tapia y Gamboa",Horacio Omar Segura,1-117-972-6999x9498,cruzlaura@despacho.com
766,Club Pichardo y Parra,Enrique Acevedo Bañuelos,+53(2)8538631050,jose-carlos43@industrias.net
767,Club de la Torre-Vallejo,Sra. Ana María Raya,862-763-3283x896,marco-antonioroybal@botello.com
768,"Díaz, Otero y Rentería",Gerónimo Mariano Urías,(101)328-2339,federicotoledo@corporacin.org
769,Tafoya-Romero,Wendolin Almonte Palomino,761.065.9208x814,eduardocavazos@zepeda.com
770,Santacruz y Carranza S.A. de C.V.,Ing. Pamela Tejeda,384-572-0266x56862,miriam12@ramos-flores.org
771,Corporacin Melgar-Garica,Dra. Susana Puga,074-299-0747x29669,cristian79@rubio.com
772,Maldonado y Salinas S.A. de C.V.,Irma Vásquez,(641)839-8416,sguerra@solano.biz
773,Olivares-Loya,Lic. Alicia Jaimes,(509)286-0521,davilaclaudia@club.biz
774,"Industrias Zarate, Ballesteros y Almanza",Conchita Juárez,(458)130-8898x3057,virginia88@industrias.com
775,Uribe-Montenegro,Elsa Adriana Córdova,1-500-030-5661x995,alejandromuniz@loya.com
776,Proyectos Quezada y Toro,Lic. Mateo Vargas,+87(0)1872600136,german03@corporacin.org
777,Orozco S.C.,Ing. Manuel Valdivia,524-062-2155x996,uchapa@dominguez.com
778,Meraz S.A.,Ignacio Quiñónez,+47(4)7648455939,kmena@gomez-tellez.com
779,Aguayo-Sáenz y Asociados,Darío Hugo Merino,531.290.0362x21173,sandrarivas@cortez.com
780,Industrias Montemayor y Valadez,Yeni Mayorga Urrutia,1-229-425-2516,sandovalaldonza@negrete.com
781,Miramontes A.C.,Sandra Arreola,491.477.4473,sessa35@corporacin.com
782,Riojas-Casanova,Pamela Macías Vásquez,1-344-930-5378x803,geronimotamayo@club.com
783,Proyectos Soliz y Zaragoza,Marco Antonio Alfonso Serna Rojo,828-152-7873x0486,abigailbarajas@duran-casillas.com
784,"Mena, Galindo y Menchaca",Óliver Sepúlveda,+18(9)1567344671,vquintero@curiel.org
785,Marín-Garrido,Leonardo Chacón,1-994-664-5099x9900,arriagaluisa@rosado-gil.com
786,Proyectos Molina y Dávila,Benito Reynaldo Villegas,(844)246-4884x997,emilia28@salas-mendez.org
787,Solís-Castro S. R.L. de C.V.,Silvano Amador Duarte,179-789-1248,silviarazo@rios-alcaraz.com
788,"Corporacin Méndez, Camacho y Jáquez",Manuel Salgado,(868)112-3038,elvia81@velez-guillen.org
789,Tijerina y Bétancourt S.A. de C.V.,Olivia Alba Altamirano,992.177.9055x28669,martinnino@marroquin-santana.net
790,Rivera e Hijos,Jaime Esquivel Castro,(601)193-9103x82974,soledadmascarenas@casas-guerrero.biz
791,Vela A.C.,Helena Téllez,08104502437,concepcionbarrios@tamez-salgado.biz
792,"Cintrón, Quiñónez y Berríos",Jos Saucedo,969.335.3900x58561,sandra47@despacho.biz
793,Industrias Saavedra y Vanegas,José Carlos Jorge Luis Carrillo Campos,436-902-8377x270,maria-cristinavillegas@ochoa.com
794,Corporacin Díaz y Soliz,José María Gonzalo Hidalgo,06101975358,cynthia40@castellanos-archuleta.net
795,Cervántez S.C.,Abraham Jaime,763-628-1444,hcarrillo@industrias.com
796,"Velasco, Armendáriz y Peralta",Laura Esperanza Zepeda Acosta,1-228-849-8745x5135,fchacon@rendon-jaquez.com
797,Pizarro y Asociados,Noemí Casares,06403439881,jflorez@quintero.com
798,Grupo Palacios y Limón,Margarita Adriana Heredia Cabrera,090.915.3860,maria-del-carmencavazos@cepeda.com
799,Iglesias A.C.,Gabriel Benito Aragón Moya,1-720-441-0079x419,jaimejuarez@grijalva-urena.com
800,Rosas e Hijos,Dra. Asunción Colón,487-098-7264,lflores@corporacin.com
801,Grupo Longoria-Alcaraz,Dr. Eric Perea,01890034686,olivarezmarcos@roldan.com
802,"Rangel, de la O y Badillo",Alejandro Alejandro Villegas Meza,662.195.3689,alarconamelia@rolon.com
803,Caldera S.C.,Daniel Merino,1-007-397-1307x2211,margaritaolivares@saucedo.com
804,"Saldivar, Collado y Escamilla",Alberto Gilberto Mata,1-461-719-2817x07443,jayala@proyectos.com
805,Corporacin Colón-Cabán,Adriana Carmen Monroy,(394)120-9447,yduenas@frias.com
806,"Morales, Mata y Cabrera",Cristobal Rodrígez,(179)480-2455x985,olivasarturo@despacho.com
807,Terán-Verdugo y Asociados,Enrique Marcos Toledo,498-647-8686x237,abahena@corporacin.net
808,Club Valdés y Bueno,Sra. Olga Apodaca,499.216.4006x983,uzuniga@proyectos.com
809,"Industrias Jiménez, Segovia y Quesada",Lic. Alfredo Santana,(139)865-4622,de-la-garzacristobal@grupo.com
810,Méndez-Abreu S.A.,Abel Ballesteros,+08(8)6346739190,sevillalilia@casas-hernadez.com
811,"Acevedo, Altamirano y Venegas",Juan Carlos Rufino Coronado,273.798.9790,iaguirre@macias-torrez.com
812,"Rosado, Holguín y Oquendo",Alfredo Arteaga,+99(8)4336113711,matiasesteban@huerta-mendoza.com
813,"Grupo Almanza, Esparza y Hurtado",Armando Naranjo Figueroa,1-346-607-5699,rufino94@preciado.com
814,Baeza-Urbina,Gustavo Adán Chávez Tirado,08223879402,ccisneros@sanches-barrios.com
815,Chacón-Robles S.A.,Sandra Espinoza Patiño,(235)700-4129,valenciahomero@carbajal-ulloa.biz
816,del Valle-Menchaca,Norma Almanza Llamas,(610)079-2304x66001,marisolguerra@club.com
817,Grupo Cavazos-Vanegas,Andrea Irene Burgos,048-507-6653,zacarias60@laboratorios.biz
818,Proyectos Macías y Olivera,Carlos Bueno Mercado,057.347.2435,fbotello@tellez.com
819,Castro-Reynoso,Julio César Mauricio Acosta Saucedo,665-622-4197x687,rosa47@blanco.com
820,Corporacin Alejandro y Arce,Barbara Mercedes Madrigal,974-223-5434x0466,franciscocorona@miramontes-prieto.com
821,Dávila-Munguía S.A. de C.V.,Srita. Aida Pabón,(441)119-7388x18273,portillomiguel-angel@grupo.net
822,Laboratorios Barragán-Suárez,Esther Villa,(806)640-5110x212,zacarias34@escamilla-gutierrez.com
823,Padilla-Ávalos,Lic. Abelardo Grijalva,218.600.3203x197,blancoernesto@despacho.info
824,Guajardo-Carbajal,Asunción Patricia Robledo Vaca,(016)259-0841x947,asuncion01@florez-quezada.com
825,Corporacin Tamayo y de Jesús,Agustín Modesto de la Crúz,(878)072-7903x7161,jamaya@rodrigez-correa.com
826,Laboratorios Ybarra y Villalobos,Esmeralda María Teresa Salas,08375307681,echeverriasalvador@ulloa.com
827,Sanches y Aparicio A.C.,Gonzalo Ignacio Esquibel Cervántez,1-622-169-0696,eva46@almonte.info
828,Barraza-Quesada S. R.L. de C.V.,Germán Samuel Nava,1-215-016-4261x07033,bernabe84@corporacin.org
829,Industrias Chapa y Lomeli,Florencia Santacruz,03004169105,bernabecontreras@negrete-batista.biz
830,Nava y Urbina S.C.,Lic. Germán Godoy,(953)481-1050x14764,irmasantiago@casillas.com
831,Mayorga-Carranza S.A.,Ángela Rangel,512.395.9781x554,blancaarmenta@cruz.biz
832,Corrales S.A. de C.V.,Lic. José Luis Lemus,(772)051-7107x308,xcasillas@irizarry.com
833,Ballesteros y Gálvez A.C.,Guadalupe Georgina Gil Tamayo,+27(4)1485726029,alta-graciahuerta@suarez.info
834,Industrias Sevilla-Macías,Mateo Peña Porras,207-632-7135,maria-elenapacheco@perales.org
835,Grupo Tafoya-Prado,María José Zepeda,+60(4)8869320553,adalberto50@club.biz
836,Menchaca-Ybarra,Lourdes Esparta Aguirre Martínez,1-567-078-9775,pedro26@villa-amaya.com
837,"Grupo Durán, Romero y Gaitán",Caridad María Fonseca,(022)271-1175,mpolanco@salazar-carbajal.biz
838,Despacho Lozano-Cotto,Lic. Jaqueline Carrera,(486)983-0521,aveliz@industrias.com
839,Laboratorios Pedraza-Varela,Adriana Cadena,264-710-6801,wrivera@galvez.com
840,"Esquibel, Ramírez y Arenas",Úrsula Alba Apodaca,(933)267-2446,francisco-javierquintana@industrias.biz
841,Industrias Adame y Tirado,Rubén Apodaca,654.025.9985x19393,franciscacotto@duenas.com
842,Industrias Carvajal-Ontiveros,Jos Arreola,(960)266-7652,jde-la-cruz@corporacin.com
843,Altamirano-Regalado e Hijos,Patricio Treviño Puga,(067)560-2080,vallejojorge@de.com
844,Luna-Granados S. R.L. de C.V.,Homero Huerta Torres,1-093-225-3332x0235,arevaloivan@meraz-montanez.com
845,Gastélum-Miranda,Ing. Alejandro Gastélum,988-843-9333x243,ldavila@centeno.com
846,Valle-Tijerina e Hijos,Cornelio Castro,412-907-5965,cesarcarvajal@grupo.com
847,Rosales-Rico,Ing. Homero Crespo,00629419375,villaguillermo@club.com
848,Rosario-Nieves,Leonel Cazares,(475)286-4612x096,rangelmaximiliano@acuna.org
849,Laboratorios Tejada-Jiménez,Carlota Jimínez Ballesteros,1-211-535-5051,luis-miguel21@luna-granados.com
850,Rubio y Villareal S.C.,Gregorio Miguel Ángel Zedillo Castro,422.188.3458,villanuevajose-eduardo@madrid.net
851,Salcedo y Arguello S.C.,Salma Juana Velasco Farías,1-329-986-5159,de-jesusana@torres.com
852,Solís S.A. de C.V.,Isabel Soto,382-567-2620x8467,vanesaviera@corporacin.com
853,Blanco-Vigil S.C.,Rodrigo Eloy de León Elizondo,018.256.2472,lesparza@grupo.com
854,Corporacin Brito y Loera,Lic. Concepción Villegas,+09(6)6270266045,veraarcelia@esquibel.info
855,"Laboratorios Arenas, Almaraz y Gómez",Sra. Amelia Bravo,1-335-389-2224x7119,carlaadame@perea.net
856,Club Ruelas-Archuleta,Laura León Pabón,06076264385,alejandrominerva@gil-rivas.com
857,"Club Bustamante, Rael y Pizarro",Francisco Javier César Flórez Fajardo,(109)441-6423x165,samuel13@dominguez.biz
858,Romero-Peres y Asociados,Manuel Frías Heredia,429.046.1755x1887,brisenoisabela@grupo.com
859,Corporacin Valencia-Gaona,Georgina Estela Jaramillo Bernal,234.565.3869x479,de-jesusaraceli@proyectos.biz
860,Club Valdivia-Vanegas,Homero Robles Delgadillo,1-864-100-9538,rosalia57@grupo.com
861,Villanueva-Zavala A.C.,Santiago Garay Romero,(146)047-6143x7884,manuel70@nunez.info
862,Pelayo-Hidalgo S.C.,Caridad Teresa Oquendo González,815-418-5899x002,sroldan@industrias.net
863,"Corporacin Arevalo, Rentería y Valenzuela",Alejandra Florencia Gracia,660.503.3746,manuelamador@rosas.com
864,"Rodríguez, Casárez y Ulibarri",Espartaco Espartaco Peres Partida,941.908.7886x538,zoe90@rodriguez.biz
865,Corporacin de la O y Serrato,Lic. María Teresa Pabón,+55(0)4922170486,trejoconcepcion@anguiano.com
866,Proyectos Ballesteros-Barrios,Citlali Olivia Alejandro,399.289.1982x718,dianamedrano@proyectos.com
867,Aguayo y Tejeda S.C.,Ing. Enrique Palacios,1-420-398-3135x4901,araceli99@rascon.org
868,Despacho Molina-Tijerina,Cynthia Abigail Nazario Holguín,824.388.4302x1781,grodriguez@olvera.biz
869,"Laboratorios Garibay, Carrera y Montalvo",Pamela Ávila,06492815037,carreroguillermina@zamudio.biz
870,"Despacho Ramírez, Arriaga y Figueroa",Porfirio Tirado Aparicio,172-628-2968x2448,angel07@industrias.com
871,Laboratorios Robles-Leal,Augusto Luis Miguel Tirado,+69(1)9612766208,tamezgustavo@grijalva.com
872,Báez y del Río S.C.,Guillermo León,359-624-5870,dominguezagustin@proyectos.com
873,Club Ybarra y Almaraz,Sra. Cecilia Garica,1-530-284-9760x396,iabrego@grupo.com
874,Mora S.A. de C.V.,Manuel Herrera,187-540-3648x8215,psamaniego@lebron-pabon.com
875,Grupo Godoy y Porras,Juan Padrón Rivas,986.491.2594x9722,hidalgojose-manuel@enriquez.org
876,Despacho Olivo-Peña,Anel María Varela,1-623-569-9929x9833,maria-luisa76@saldivar.com
877,Puente-Alcala S.A. de C.V.,Gerónimo Gonzalo Sosa,(084)931-5398,ofeliabravo@grupo.com
878,Barrera S.A. de C.V.,Sr. Miguel Ángel Ozuna,914-304-9134,alfarolucas@medina.net
879,Centeno y Apodaca S. R.L. de C.V.,Lic. Luisa Menchaca,(642)240-5920x82353,vargasindira@porras.net
880,"Castillo, Varela y Trejo",José Luis Padilla Tejeda,017-530-7966,soteloeloisa@rosado-corral.com
881,Marín S.A.,Lic. Gonzalo Casárez,1-253-137-9561x00777,socorrode-la-o@salgado-montez.com
882,Club Briseño y Velásquez,Alonso Diego Merino Vergara,193.873.3703x4244,estela48@juarez.biz
883,Quiroz e Hijos,Liliana Cazares,510.765.1917,valdesantonia@rosas-griego.com
884,Berríos-Jasso S.A. de C.V.,Dalia Esparta Arce,185.805.5811x5744,pnavarrete@otero-arreola.info
885,Acevedo y Arteaga S.A. de C.V.,Sergio Guillen Alcala,1-454-184-0398x22180,nayeliolivas@cruz.net
886,Tovar-Urrutia S.C.,Sr. Martín Tejeda,(026)529-5164x6933,ana-luisaperales@grupo.org
887,Macías y Irizarry y Asociados,Pascual Sarabia Avilés,(708)987-0920x199,toledoruby@proyectos.com
888,Proyectos Orellana-Ochoa,Bernardo Joaquín Terrazas,858-052-6321,villegastrinidad@apodaca.com
889,Despacho Martínez-Gastélum,Ing. Teresa Aguilar,745.447.0823x171,catalina19@guerrero-velazquez.biz
890,Ontiveros y Pantoja S.A.,Cristal Emilia Mena,1-960-530-2618x40257,naguayo@sierra.com
891,Orozco S.A.,Leonardo Ortiz Griego,(050)281-6409x891,galveznatividad@villarreal.com
892,Granado e Hijos,David Nava Cervántez,+94(5)2375979531,ceciliaarguello@tejeda.com
893,Proyectos Rivas-Montes,Francisca Soledad Medina Hinojosa,920-548-9445,laurabustamante@valdes-aleman.net
894,Ulibarri-Yáñez,Irene Ruby Montez,344-566-2295x2179,uavila@olivares.biz
895,Peres-Chávez,Lic. Aldo Ramos,+47(2)6602351585,batistabianca@laboratorios.info
896,Laboratorios Bustamante y Piña,Ariadna Graciela Piña Ayala,879.052.2441,oscarvillanueva@maldonado-quintanilla.com
897,Núñez S.A. de C.V.,Dolores Calderón Maya,1-790-571-9189x86646,elisamenendez@castaneda.com
898,Zepeda-Saldaña S.A. de C.V.,María Cristina Ortiz,(057)023-7718x4301,jeronimoalvarez@preciado-saenz.com
899,Proyectos Colón y Zayas,Dolores Trinidad Cepeda Gaitán,1-644-028-2532x6769,rafaelde-jesus@rojas.com
900,Laboratorios Téllez y Mireles,Alonso Daniel Griego Echeverría,+91(4)0169332844,manuelluevano@batista.net
901,Industrias Aguirre-Rosas,Guillermina Bravo Méndez,526-075-6999,ferrermaria-jose@despacho.biz
902,"Grupo Gallardo, Correa y Enríquez",Rosario Zoé Corona,777-733-1680,tpadilla@amaya.com
903,Ávila-Granados S.C.,Joaquín Marroquín de la O,842.410.7402x7406,gnavarro@club.com
904,Varela-Acevedo y Asociados,Celia Adriana Arenas,638.564.6149,ujaramillo@villa.net
905,Industrias Vásquez y Rubio,Lic. Wendolin Ledesma,149.860.9955x0493,deliapulido@grupo.org
906,"Club Campos, Cedillo y Campos",Roberto Serafín Tejeda Benavídez,(159)485-3400x12762,juan-carlosvillareal@club.com
907,"Riojas, Santana y Salazar",Porfirio Pascual Sotelo,237-887-0584,oquendoliliana@olivo.com
908,Laboratorios Herrera y Velásquez,Laura Malave Robles,998.460.5867x94963,abelardorael@grupo.com
909,Vela S.A.,Antonia Judith Pacheco,016-555-7864,ivonne86@menchaca-munoz.com
910,de León-Hernández,Lucía Esther Adame Aguilar,+68(7)5868240516,qmorales@carbajal-corrales.com
911,"Corporacin Barrientos, Sepúlveda y Villalobos",Ing. Francisca Adame,338-686-0835,uarguello@regalado-almonte.com
912,"Esquibel, Armenta y Lugo",Dr. Fidel Sepúlveda,602-050-8983x09413,wendolin90@barraza.org
913,Velásquez y Ruiz S.A.,Ing. Elias Vaca,135-694-8045,riveralucas@ocasio-salazar.net
914,Vega S.A. de C.V.,Sandra Sandra Garica Vega,059-802-6029,reynaldo20@despacho.org
915,Corporacin Soliz-León,Sra. María Elena Espino,(203)197-7748,xrincon@carrera-mares.net
916,"Jaramillo, Solorzano y Covarrubias",Abel Sanches,295-868-4196x2332,vangulo@ulibarri-ocampo.org
917,"Grupo Rico, Peres y Rosales",Dr. Bruno Quiroz,1-066-293-1518,rochamargarita@corporacin.com
918,Valladares-Marrero S.C.,Lic. Paulina Altamirano,(232)723-7179x890,jorgegil@vega.biz
919,Laboy-Torres e Hijos,Ana Luisa Susana Urías León,1-795-417-6755x398,tovarmargarita@regalado.com
920,Serrano y Barraza S.A. de C.V.,Sra. Guillermina Salcido,089.458.9626x8384,npartida@cortes.info
921,"Bétancourt, Corona y Granados",Ing. Trinidad Cardona,(190)518-8129,gcalvillo@proyectos.com
922,"Oquendo, Ybarra y Arce",Alvaro Mauro Villa,372-982-6893,robertosegura@maestas.com
923,Laboratorios Mata y Armendáriz,Marisela Helena Rincón,968-335-5707x7312,felipemedrano@molina-arias.com
924,Apodaca y Muñiz S.A.,Ramón Octavio Zavala,(384)440-4588x31141,ilse01@grupo.com
925,"Tello, Quiroz y Carrera",Rosario Orozco Tejeda,109.779.7802x3445,ssepulveda@club.com
926,Proyectos Piña y Ponce,Sr. Antonio Preciado,1-295-737-8315,cnavarrete@industrias.com
927,Saucedo-Orozco,Diana Archuleta,915-854-2332,espartaco65@urbina-montenegro.com
928,Industrias Prieto y Ordóñez,Miguel Ángel Franco Macías,(674)621-5958,susana17@laboratorios.info
929,Miramontes A.C.,Emilio Augusto Serna Cabrera,981-413-4476x094,inesrascon@despacho.net
930,"Lomeli, Guardado y Ferrer",Eduardo Pineda Montero,099.621.8366x77196,bpedraza@abreu-chavez.com
931,"Guajardo, Ledesma y Delgado",Daniel Cazares Cepeda,(349)980-1376x83675,cabreraguadalupe@becerra.com
932,"Proyectos Páez, Casárez y Lara",Sr. Víctor de Anda,1-351-746-5642,havila@gurule.biz
933,Despacho Vanegas y Viera,Sara Olivárez Mesa,922.776.4149,alvarezmarcos@acevedo-duarte.com
934,Barela-Frías y Asociados,Ing. Gonzalo Ulloa,722-883-9047x331,arcelia46@nino-rosario.com
935,Grupo Muñiz y Cabán,Gregorio Sergio Reyna,879-531-2040x9543,psaldivar@pizarro.com
936,Tafoya y Asociados,Martha Ávalos Balderas,08731439151,henriquezmaximiliano@rosales.com
937,Alejandro-Ruelas,Ángela Ulibarri,1-109-685-6425x706,collazoelisa@grupo.com
938,Laboratorios Estévez-Alcala,Alma Ana Escalante,1-028-655-0522,eugenio14@despacho.info
939,Candelaria S.A. de C.V.,Gonzalo Jaime Villalobos,1-201-663-3822x2240,mayamiguel@grupo.com
940,"Cintrón, Amaya y Cadena",Sra. Ángela Carrera,1-484-339-1332,jose-eduardo86@gallegos-covarrubias.com
941,"Corporacin Patiño, Limón y Merino",Flavio Israel Escamilla Sanches,449-760-2498x663,jos09@gutierrez-quesada.info
942,Guerra y Lebrón e Hijos,Lic. Sandra Muro,(973)561-5266,alta-gracia91@club.com
943,Peña S.C.,Sr. Gustavo Rojas,336.952.4746,qmatias@corporacin.org
944,"Cavazos, Velázquez y Ureña",Emilia Corrales Longoria,1-679-241-5712,mperalta@corporacin.com
945,"Ulibarri, Méndez y Sanches",Emilia Susana Vélez,+61(6)8249793998,pelayoevelio@garrido-sanches.com
946,"Serrato, Estrada y Riojas",Aldo Germán Altamirano,372.607.2014x896,turrutia@valadez.biz
947,"Industrias Franco, Carvajal y Ceja",Hugo Leonardo Estrada,1-476-254-2926x4563,ofeliacardona@chavez.org
948,"Despacho Galván, Ortega y Vega",Sr. César Durán,664-971-9670x68335,olgacarranza@cantu.com
949,Corporacin Vásquez-Amaya,Leonel Gerónimo Vanegas,490.133.3443x7673,luz14@valladares.com
950,Bañuelos-Batista,Marisol Pilar Gálvez,+14(8)1160499100,trinidad20@industrias.biz
951,Páez-Tovar,Arturo Zarate Arenas,421.348.5484,clementefuentes@fajardo-benavidez.com
952,Valles y Caldera S.C.,Sra. Delia Tórrez,015-711-7132x194,cervantezuriel@acuna.net
953,Longoria-Caballero,Cristobal Renato Rico,452-719-3678x57646,pamelabecerra@industrias.info
954,"Industrias Carranza, Ojeda y Casillas",Dra. Claudia Haro,215-401-3153x50696,carolinabarrera@ulibarri.com
955,Corporacin del Río-Salgado,Sr. Abel Chávez,547-179-8994x88566,judith99@despacho.com
956,Prieto-Razo S.A. de C.V.,Diana Itzel Narváez,422-717-2662x5650,carla07@arias.com
957,"Despacho Garibay, Adame y Ochoa",Sessa Pérez,(408)710-0668,juradofelipe@cervantez.com
958,Pantoja y de la Garza S.A.,Yuridia Carranza,05223282228,rufinoalcantar@club.com
959,Zelaya-Villareal S. R.L. de C.V.,Sr. Abel Laboy,00847913511,anabelanguiano@esquibel-matos.info
960,Grupo Tamez-Villarreal,Abelardo Mariano Longoria Carvajal,578-097-8302x80104,loeraalicia@corporacin.com
961,Iglesias-Loera,Noelia Leticia Rentería Loera,280.218.8930x63578,gaytanfrida@concepcion-calderon.com
962,Henríquez y Grijalva y Asociados,Perla Olivia Alcaraz,1-585-575-9940,jose-manuel90@zavala.com
963,"Corporacin Corral, Solís y Zúñiga",Lourdes Alejandro,106-567-3374x570,ozunaabril@club.com
964,"Valencia, Barrientos y Luna",Lic. Ana Luisa Cintrón,308.437.6992,rlucero@club.com
965,"Laboratorios Enríquez, Guajardo y Cisneros",Dr. Fidel Madera,004-172-4155x3691,luz55@lerma.biz
966,Proyectos Samaniego-Valladares,Adriana Citlali Ledesma,(570)333-2959,araceli23@medina-terrazas.com
967,"Gastélum, Arredondo y Lemus",Darío Zedillo Puga,299-172-1742x922,madrideric@rivera.com
968,Guajardo-Villanueva S.A.,Juana Raquel Fuentes,063.250.3139x280,luisa50@grupo.com
969,Caraballo S. R.L. de C.V.,Germán Galarza,937.971.9000,enriqueznadia@posada-camacho.com
970,Proyectos Molina-Ocampo,Lic. Antonio Serrano,559.407.9923x04532,emilioolmos@rivero.com
971,"Corporacin Ocampo, Longoria y Quintana",Dr. Martín Alcántar,194.539.1177x66650,jose76@castillo-amador.org
972,Industrias Briseño-Mayorga,Nayeli Ana Luisa Palomo Benavides,902.231.1678x70676,amaliaguillen@grupo.com
973,Vigil-Cortés A.C.,José María Rafaél Linares Sepúlveda,637.114.2943,arevaloandres@club.org
974,Proyectos Guerrero-Beltrán,David Huerta,(598)669-3278x417,itzelpaz@vargas-becerra.com
975,Despacho Cabrera-Calvillo,Sr. Julio Morales,(664)267-3512,relizondo@montano-garay.com
976,Navarrete y Orosco S.A. de C.V.,Rocío María Eugenia Partida,878-496-2249,barbara10@club.biz
977,Industrias Peralta-Mena,Nadia Hilda Carmona,062-767-2935,quintananatalia@corporacin.com
978,Industrias Carmona-Madera,Sofía Jaqueline Acuña,(234)778-0457,xchapa@solis-lovato.com
979,Alva y Figueroa S.A.,Lic. Carla Cabán,(782)337-2094,cristian67@rael.com
980,"Gaona, Cintrón y Solís",Débora Abril Carreón,02200848426,maria-cristina33@club.biz
981,Saucedo S.A.,Raquel Palomino,136.054.9469x208,diana49@carrera.com
982,Corporacin Negrón-Cabán,Srita. Jaqueline Arteaga,011-546-1758x08038,lirapedro@ballesteros-lerma.com
983,"Grupo Barela, Montero y Palomino",Mercedes Indira Benítez,(353)814-8374x75580,benitoalcala@padron-sevilla.com
984,"Lerma, Ramos y Carmona",Margarita Nayeli Iglesias Aranda,09027169883,bcandelaria@carbajal-navarrete.net
985,"Pineda, Sierra y Pichardo",Benito Rufino Vásquez,675.983.3261x705,mercadomagdalena@corporacin.com
986,Villalobos-Montero,Helena Luz Cornejo,(535)339-9824x2662,rochahilda@valdivia-armas.com
987,"Club Porras, Ulibarri y Rubio",Srita. Abril Fierro,+28(5)3272766983,abril15@de.com
988,Macías-Polanco A.C.,Abelardo Tovar,1-308-972-0738x277,vresendez@casarez-sanchez.com
989,Corporacin Cazares-Rosales,Julia Farías,+90(0)7121024234,irene30@roybal-ramon.com
990,"Casárez, Venegas y Verduzco",Barbara Josefina Nava Puente,667.640.9968,julioloera@despacho.com
991,"Grupo Ojeda, Nava y Estévez",Rosalia Débora Echeverría Cavazos,09143907054,aguerrero@carrera.info
992,Borrego-Méndez,Bernardo Armas Barrientos,260-080-2658x934,mmiramontes@valadez.com
993,"Industrias Sanches, Fonseca y Muñiz",Araceli Pilar Escobar Cardenas,(967)914-6386,rlimon@proyectos.com
994,Saldaña-Chávez,Lorena Itzel Concepción,246-854-9272x4000,alfredotrevino@arroyo.biz
995,Maya A.C.,Sra. Noemí Mireles,327-163-0335,ygamboa@proyectos.com
996,Archuleta S. R.L. de C.V.,Ramón Yáñez Villalobos,187.810.4802,amalialeiva@meza-torrez.org
997,Industrias Arteaga-Godínez,Guillermo Garay Quiroz,(613)662-8081x226,montesmicaela@proyectos.com
998,Garay-Benavides y Asociados,Alfonso Jos Ulibarri,1-309-673-9798,homero18@manzanares-cintron.biz
999,Club Pantoja y Moya,Camilo Palomino Ruelas,(718)776-2883x636,alvaro16@club.org
1000,Grupo Pizarro-Preciado,Magdalena Micaela Serrato,+93(7)6165228989,rivasserafin@proyectos.net
1001,Cervántez-Mejía,Rosalia Romero Rosado,1-265-976-4083x858,mateoangel@lopez-castellanos.info
1002,Ontiveros-Mendoza,Nelly Paola Escobedo Vázquez,02956518871,manzanareslorena@arenas.com
1003,Zavala S.A.,Ing. Teodoro Durán,787-570-3029x3011,anaalcantar@sarabia-ornelas.com
1004,Laureano y de la Torre S. R.L. de C.V.,Leonel Zaragoza Montañez,223-369-3180,cde-la-garza@samaniego.com
1005,Chacón y Asociados,Dr. Juan Carlos Piña,497-537-4057,lebronvicente@zambrano.info
1006,"Despacho Olivares, Torres y Salcedo",José Eduardo Maestas,534-514-6688,gmoreno@laboratorios.com
1007,"Industrias Girón, Morales y Trujillo",Ruby Celia Peña,366.485.3207x758,gacuna@grupo.com
1008,"Corporacin Guerrero, Posada y Zambrano",Nancy Aparicio Moya,+45(0)5092846720,reynajulio-cesar@grupo.com
1009,Ramón y Gaytán e Hijos,Carmen Paulina Mascareñas Jimínez,503-801-6258x51502,maciasana-luisa@escalante.com
1010,"Grupo Montalvo, Gaytán y Barragán",Miguel Teodoro Jaimes Gonzales,795.311.1235,laureanojoaquin@muniz.com
1011,Industrias Puente-Olivares,Jorge Luis César Ávalos Soria,738.385.5451,salma60@viera-gomez.com
1012,Berríos-Romero,Ing. José Carlos Marroquín,(370)627-2816x73374,icadena@matias-rolon.com
1013,"de la Crúz, Pizarro y Hinojosa",Eric Manuel Anaya,481-876-2099x0693,zavalaeloisa@despacho.com
1014,Pulido-Salcido,Jacinto Meza Apodaca,1-599-822-6731x23438,manzanaresjosefina@bustamante-lovato.com
1015,Colunga S.A. de C.V.,Srita. Laura Luevano,028.231.3427,beatriz76@escalante.com
1016,Meraz-Loya,Sra. Fabiola Holguín,1-183-436-9531,cortezvioleta@roybal.com
1017,Alemán-Pantoja S.A.,Sra. Tania Robles,265.173.2816x2910,ngiron@grupo.net
1018,Club Valverde y Benítez,Magdalena Gamez Rincón,(710)529-8770x745,ninojulio-cesar@hernandez.com
1019,Alarcón y Asociados,Abelardo Cristobal Ocasio Soliz,878.903.4502,josefina67@arreola.com
1020,Zedillo y Asociados,Héctor Pantoja,(754)182-3688x10138,estefaniade-leon@arriaga-martinez.com
1021,Grupo León y Núñez,Bruno Trejo Marín,(201)388-2532,urbinajulio-cesar@ontiveros-solorzano.com
1022,"Garibay, Pelayo y Aguirre",René Vallejo,(173)690-7894x76720,altamiranoangelica@despacho.com
1023,Aguirre y Reyes A.C.,Elvia Estela Valentín,089.512.3708,emiliano19@jaimes-maestas.com
1024,"Corporacin Peres, Zelaya y Rodríquez",Víctor Leonardo Montañez Mireles,192-767-1377x188,bcisneros@industrias.com
1025,Laboratorios Padilla-Olivárez,Natividad Dulce María Alvarado Nieves,737.138.8740,homerogamboa@laboratorios.com
1026,"Olivárez, del Valle y Saldaña",Delia Dulce Abrego,(117)614-2152,karina31@tapia.biz
1027,"Club Amador, Henríquez y Oquendo",Josefina Tijerina Vallejo,987-036-8830x048,ineszavala@club.com
1028,Laboratorios Colunga-Villegas,Emilio Óliver Baeza,593-410-4062x911,ide-la-rosa@corporacin.net
1029,Despacho Brito y Terán,Mateo Serafín Pacheco,075-789-8497x49979,matajavier@despacho.com
1030,"Industrias Parra, Meza y Perales",Minerva Cadena Uribe,810.617.3563x1631,normariojas@mora-rangel.com
1031,"Candelaria, Peralta y Zambrano",Lic. Flavio Saavedra,(811)938-9990x6820,francosofia@sanabria.biz
1032,Montero y Esparza y Asociados,Claudio Julio Garibay Esquivel,(131)798-5490x049,guerraguillermina@industrias.com
1033,Santacruz-Garza S.A. de C.V.,Elsa Trinidad Zamora,1-812-743-9225x5174,zapatajose-luis@valdez-barrera.com
1034,Pérez y Duarte A.C.,Eugenio Lorenzo Archuleta Casas,1-863-994-5413x84531,catalina30@despacho.biz
1035,Arredondo-Villagómez S.C.,Ing. Santiago Tijerina,1-240-899-2177x351,gpacheco@barrera-fonseca.com
1036,Espinosa y Portillo S.C.,Octavio Chacón Casárez,340.242.2241x983,patinoyolanda@grupo.com
1037,"Despacho Cabrera, Tovar y Camarillo",Ing. Gustavo de la Garza,(842)024-3509,emilia65@carvajal-serrato.biz
1038,Miramontes-Peña,Sr. Vicente Velásquez,(147)539-8913,uarellano@proyectos.com
1039,Sauceda y Asociados,Juan Carlos Augusto Batista Amador,356-594-2992x02376,lprieto@zapata.org
1040,González-Gómez S. R.L. de C.V.,Arcelia Ofelia Henríquez,01839093424,sergioacevedo@pineda.com
1041,"Club Espino, Ferrer y Macías",Nancy Zedillo,343.751.8669,augusto86@loera-del.com
1042,Club Cepeda-Urrutia,Indira Alonso Rascón,350-952-8895,hermelinda03@zedillo.com
1043,Corporacin Zaragoza y Caldera,Leonor Hermelinda Armendáriz Holguín,1-188-300-9954x288,rgalindo@laboratorios.biz
1044,"Rascón, Villalpando y Tijerina",Lic. Esperanza Reyes,+61(7)0690149711,galvanlinda@proyectos.biz
1045,Muñoz y Peralta S.C.,Abigail Mireles Bermúdez,(860)167-4492x3435,hvelasquez@almaraz-ledesma.com
1046,Paredes-Paredes y Asociados,Srita. Mariana Montalvo,(024)286-1789,almaramirez@macias-aponte.com
1047,Badillo-Guajardo S. R.L. de C.V.,Virginia Salas Porras,264.816.3849x36806,aidasepulveda@garcia-almaraz.com
1048,Bétancourt y Asociados,Mario Roberto Vélez Ocasio,519.304.8527x7586,narriaga@menchaca.com
1049,Laboratorios Pichardo y Galván,Ing. Horacio Galarza,946-896-3318x12335,fperez@arreola.com
1050,Madera y Lemus y Asociados,María del Carmen Riojas Porras,(626)367-8508,qsaldivar@noriega.com
1051,Corporacin Sandoval y Mesa,Sergio José Espinal Ramírez,740.376.7687x40420,dperez@blanco-manzanares.info
1052,Feliciano-Lugo A.C.,Jaime Modesto Franco,309-900-0940x65658,oliverlopez@corporacin.biz
1053,Guillen-Monroy S.A.,Cristobal Patiño,(000)470-9110x349,dolores11@martinez.net
1054,Matías-Sandoval,Mateo Lebrón,614-477-6186x870,francisca96@olivera.org
1055,Nieves e Hijos,José Luis Lorenzo Montalvo Zapata,1-508-914-2330x2927,blira@ledesma-rosales.com
1056,"Delgado, Cortés y Barrera",Sr. José Barrera,1-186-604-7473,maria-josevillanueva@hernandes-rendon.net
1057,de la Fuente-Ibarra S.C.,Ing. Cristian Acevedo,1-594-410-2387,antoniaborrego@pedraza.info
1058,"Despacho Figueroa, Bustamante y Figueroa",Ángela Santiago Escobedo,+25(8)5346581539,sessa21@urbina.com
1059,Vélez S. R.L. de C.V.,Sr. Enrique Urrutia,558-167-5923x831,zacariastejada@trujillo-arguello.com
1060,Industrias Barragán y Holguín,Cynthia Esperanza Cavazos,1-924-219-5973x09121,jacinto73@despacho.com
1061,Grupo Botello y Mercado,Isabela Estévez Ayala,05303044077,camarillobernardo@muro.com
1062,Reyes-Palomo e Hijos,Elsa Georgina Melgar,(182)991-2699,ana20@maldonado.com
1063,"Cantú, Olivas y Olivares",Sra. Aida Bahena,1-822-421-6826x82217,sessa62@varela.com
1064,Laboratorios Juárez y Salgado,Sra. Abigail Alba,932.572.2870,jacoboconcepcion@arredondo.info
1065,"Industrias Mojica, Salcido y Cazares",Dr. Rodrigo Rivas,02951452058,contrerassalma@aleman.com
1066,Delgadillo y Asociados,Guillermo Adalberto Peralta Muñoz,(747)695-0904,sandovalnatalia@pulido-orosco.com
1067,Despacho Cabrera y Ordóñez,Rosario Moreno Prado,388-788-8765,egranados@club.com
1068,Proyectos Villareal-Altamirano,Bruno Evelio Valadez,047-947-1990x380,aliciacasas@proyectos.com
1069,Laboratorios Vargas-Longoria,Sr. Sergio Casas,790-534-7283,esteban67@laboratorios.com
1070,Grupo Orta y Salcido,Rodrigo Herrera Segovia,686-562-9258x2282,carranzalorena@grupo.com
1071,Quesada S. R.L. de C.V.,Indira Ponce,(467)678-0964x5837,rolando95@mesa.com
1072,Fernández-Bonilla S.C.,Inés Mendoza Zapata,289-748-7411x48626,wmedrano@carvajal-salcedo.biz
1073,"Corporacin Garrido, Jasso y Palomo",Guadalupe Becerra Muñiz,641-967-8963x00935,corneliocarmona@espinosa.com
1074,Correa y de León S.A. de C.V.,Cristian Ramón León Toro,349.276.6809x84601,laureanoadan@grupo.com
1075,Merino-Gaona,Elvia Jaqueline Soto Ozuna,715-544-6053x926,quesadaindira@laboratorios.com
1076,Mercado e Hijos,Leonardo Luna,911.928.5672x8502,munguiaadriana@industrias.info
1077,Molina y Maya S. R.L. de C.V.,Benjamín Eloy Olvera Echeverría,(439)567-8446x078,rosalesana-luisa@valladares-vargas.com
1078,Reyes-Rosas,Ivonne Barrientos Corral,1-441-492-5316x4982,leonormiramontes@jurado.biz
1079,Ojeda-Matos S. R.L. de C.V.,Óliver Almaraz Nájera,1-494-343-6877,miramontesdalia@grupo.com
1080,Ruiz S.C.,Isaac Carreón,359.771.0011,sofia47@giron.com
1081,Laboratorios Becerra y Iglesias,María Teresa Cepeda,(557)856-4135,sonia74@orozco-tejeda.com
1082,Robles-Gallegos S. R.L. de C.V.,Catalina Granados Colunga,(555)809-5794x7581,cpadron@proyectos.com
1083,Club de la Fuente y Griego,Israel Quiroz,+40(7)1469714797,santiagocastellanos@maya-vazquez.com
1084,Club Limón y Nieves,Alta  Gracia Blanca Riojas,+39(6)1017590017,oliveraflorencia@industrias.biz
1085,Industrias Marroquín-Martínez,Leonardo Elias Carmona,593.896.7635x36735,lorena96@saenz.info
1086,Grupo Tejeda-Tijerina,Héctor Briones,1-351-390-1430,kmarin@marin.biz
1087,Corporacin Rosado y Vanegas,Magdalena Anabel Jasso,030-073-5658x2608,ana-luisaduran@granado.com
1088,Cisneros-Santillán,Julia Portillo,1-112-232-1425x2611,ktrevino@proyectos.biz
1089,Razo-Jaime e Hijos,Lic. José Manuél Gallegos,(554)411-8185,gallardocarla@escobedo.com
1090,Despacho Fonseca-Urías,Asunción Villaseñor,1-768-418-4714,kcervantes@benavidez.net
1091,Grupo Guerra y Mejía,Sr. Bernardo Carranza,(728)360-3087,dlovato@arredondo.biz
1092,Puga y Cardona S. R.L. de C.V.,Miguel Ángel Ocasio,950-767-1621,ccontreras@industrias.net
1093,Luna A.C.,Julia Velasco,032.645.6496,glugo@pacheco-arce.com
1094,Industrias Almonte y Ontiveros,Sr. Rubén Ruiz,034-251-9701x81589,escobedoclara@industrias.com
1095,Lebrón y del Río A.C.,Emilia Barrera Zamora,625.260.2216,urbinakarina@navarro.com
1096,Proyectos Zavala-Gómez,José Luis Trejo,843.910.6573,enrique74@hernandes-ocasio.com
1097,Casillas-Alvarez S.A.,Israel Alvaro Bueno,833-195-5897,garayamelia@camarillo.com
1098,Amador y Espinosa A.C.,Lilia Sanches Razo,+94(1)2460516483,luis-manuel37@valdivia.net
1099,Páez y Reyna S.C.,Ana María Adela Oquendo,345-973-1730,mauriciodiaz@industrias.info
1100,"Proyectos Molina, Carrión y Abrego",Ing. Renato Armas,1-473-181-5605x4270,xvillegas@venegas-luna.info
1101,"Carvajal, Cantú y Cardenas",Óliver Velásquez Rojas,475-456-5728x972,carolinavelazquez@corporacin.com
1102,Figueroa S. R.L. de C.V.,Uriel Sarabia Holguín,(685)606-6992x61382,eulibarri@quintero.info
1103,Ybarra y Noriega S.C.,Felix Vargas Vallejo,(263)779-2711x073,geronimo28@de.biz
1104,Corporacin Ferrer-Dávila,Evelio Guardado,+23(9)9344606069,mauro06@cedillo-espino.info
1105,"Medrano, Cintrón y Zamudio",Sr. Daniel Santiago,1-370-064-4885,luisa75@despacho.net
1106,Hidalgo S.A.,Irene Márquez Collazo,053-764-2550x7868,ztovar@duenas.com
1107,Grupo Casillas-Haro,Óliver Alejandro Cabán,586.639.9287x9872,zfierro@heredia-cotto.com
1108,Paredes-Delgadillo S. R.L. de C.V.,Nicolás Samuel Orosco,(416)033-2888,rodriguezabraham@mejia.com
1109,Industrias Saavedra-Marrero,Úrsula Bétancourt Cornejo,+22(0)1754541648,qchapa@baca-jimenez.biz
1110,"Ceja, Robledo y Maya",Bruno Moya de la Torre,974-420-3607x854,lorenzoalcantar@sarabia-salcido.com
1111,Club Téllez y Alarcón,Amelia Araceli Huerta,1-792-326-7148,jaqueline19@aguilar.com
1112,Valles-Preciado,Rebeca María Teresa Centeno Amaya,251.920.1828x5233,martharascon@jimenez.com
1113,Vigil y Molina S. R.L. de C.V.,Silvano Camilo Montalvo Tello,551-163-9714x92075,smadrid@marin-elizondo.com
1114,Granados y Verduzco S.C.,Juan Carlos Cristobal Montemayor Zaragoza,08831249773,eriojas@proyectos.com
1115,"Grupo Monroy, Maestas y Ríos",Marisol de Anda,657.156.4380x2990,reynaldotejeda@lucio.com
1116,Verdugo y Peralta A.C.,Alvaro Vanegas Llamas,+91(6)5737624266,gilbertonavarrete@industrias.biz
1117,Despacho Yáñez y Bravo,Sr. Bruno Mercado,731-172-2641,irma56@alba.com
1118,"Grupo Garica, Gamboa y Mendoza",Lic. Estela Rangel,(229)835-9667,wborrego@proyectos.com
1119,Club Dávila-Madera,Elsa Leonor Meléndez Alarcón,+32(9)9090064761,tomas27@haro.com
1120,Limón S.A.,Cornelio Pacheco,792.067.5493x9343,bvillagomez@corporacin.com
1121,Industrias Rodarte-Valdez,Joaquín Reyes,1-381-330-7345,rubyfrias@duran.biz
1122,"Despacho Duarte, Corral y Lozada",Esmeralda Alejandra Vargas Tijerina,372.033.5051,iarriaga@proyectos.com
1123,Saavedra e Hijos,José Emilio José Carlos Meléndez,(709)404-2245x6411,bertanieves@ceja-mayorga.com
1124,Ruelas y Asociados,Ángela Villa,03505349419,vcarmona@martinez.com
1125,"Preciado, Godoy y Delgadillo",Ruby Ceja,630-616-2185,ugranados@despacho.biz
1126,Marroquín-Arguello,Dr. Andrés Martínez,868.569.7714x3360,villasenoraugusto@armendariz-berrios.com
1127,"Caldera, Arteaga y Gálvez",Srita. Mariana Serna,881-893-0461x6388,pantojajulia@tello.net
1128,Peres-Ybarra A.C.,Rosario Aranda Villareal,568-826-7280x072,acortez@lopez-ramos.com
1129,Club Gaitán y Mora,Eva Aida Robledo,308-306-9789x9951,anabel49@club.com
1130,"Rosales, Irizarry y Valle",Mariano Ojeda Soto,675-185-7116x4560,wendolin95@franco.com
1131,Quiñones S.A.,Srita. Aida Apodaca,585-653-3777,alfonsofeliciano@ochoa-saldivar.net
1132,Cardenas y Villarreal y Asociados,Luis Manuel Carlos Nieto Leyva,(720)124-0254x5500,silvano90@valle.net
1133,Industrias Saldivar y Padilla,Elsa Miriam Segovia Romo,461-630-3438,yenibahena@anguiano.com
1134,"Grupo Marroquín, Cotto y Maldonado",Srita. Aida Salazar,1-417-996-5466x28973,felipe89@cortez.com
1135,Menchaca y Páez A.C.,Emilio Cavazos Haro,+23(4)0567712515,iglesiasfelix@proyectos.com
1136,Paz-Padrón,Amanda Wendolin Torres,02392788447,vergaramariana@esquibel.com
1137,Club Ornelas-Medrano,Eva Madrigal,(202)248-2488,uespino@guevara-riojas.com
1138,Bermúdez y Macías S.A. de C.V.,Francisco Javier Benavides Carmona,(026)691-4193x9606,alvaradoraul@caballero.com
1139,Vera-Castillo,Josefina Zamudio Collazo,(768)834-1034,leonesteban@proyectos.com
1140,Valenzuela-Cano,Sr. Jorge Briones,1-325-179-0447x08560,bernardo67@lucio-santacruz.info
1141,Despacho Alonzo y Fajardo,Guillermo José Orellana,572-275-7940,bjasso@grupo.com
1142,Acosta y Zayas S.A.,Uriel Carbajal,1-369-412-6410x60326,omontoya@valadez-armenta.com
1143,Osorio y Guardado A.C.,Aurelio Amador Tejeda,654.612.5360x6400,esmeralda48@rivera.net
1144,"Vergara, Solano y Villareal",Ing. Rafaél Barrios,1-036-100-7701x773,kmarroquin@industrias.info
1145,Carranza-Benavides,Barbara Olga Piña Ávila,+49(0)2144415596,olemus@grupo.org
1146,"Monroy, Noriega y Cuellar",Rufino Cardona,033.530.0499x926,nmontero@carrasco.com
1147,Rentería-Gálvez,Dra. Lourdes Correa,872-385-8653,hermelindaoquendo@caballero.com
1148,Corporacin Velázquez y Fernández,Óliver Uriel Orellana,1-060-558-1735x792,casascarolina@corporacin.org
1149,Corporacin Irizarry y Orozco,Lic. Fernando Villarreal,(970)145-5703x9342,ucamacho@otero.com
1150,Castro-Zayas y Asociados,Jesús Alva Delgadillo,000-110-1561x619,jespinoza@proyectos.com
1151,Godoy-Abreu,Rodrigo Sepúlveda Cintrón,384-699-0867x23310,violeta48@salcido-robledo.com
1152,"Naranjo, Mateo y Perea",Uriel Darío Castro,08822063186,german76@garica-anaya.com
1153,Club Iglesias y Carrión,Rebeca Elvia Piña,359-916-7640x3239,vazquezmauro@corporacin.com
1154,"Rentería, Canales y del Río",Raquel Elvia Riojas,1-499-952-2529x6444,pablo68@sarabia.com
1155,"Proyectos Garibay, García y Arredondo",Esparta Aldonza Zedillo,1-805-877-1555x90627,kavila@velazquez-calvillo.com
1156,Jáquez S.C.,Miguel Ángel de la Garza,06266032358,diego80@industrias.org
1157,Rocha y Gaytán e Hijos,Olga Daniela Zarate Muñoz,955.192.4741x117,ceciliaresendez@gamez.net
1158,"Cordero, Mota y Orozco",Lucía Aurora Candelaria Cruz,842.330.0805,charo@industrias.net
1159,Industrias Robledo-Garica,César Alfredo Rodríquez Solorio,312-736-5485x2207,adalbertobarela@altamirano.com
1160,Hernandes y Barrios S.C.,Óscar Vicente Posada Fuentes,651-295-5510x05108,madrigalmarcela@laboratorios.com
1161,Laboratorios Arreola y Alcántar,Luis Miguel Alarcón,1-223-502-8303x424,evamenendez@industrias.org
1162,Proyectos Valencia-Anguiano,Sra. Liliana Ortiz,166.968.7403,abelhernandez@leiva-hernadez.com
1163,"Camacho, Pulido y Ornelas",Lic. Abelardo Angulo,(844)580-1517x64296,leonoracosta@corporacin.com
1164,Matías y Asociados,Vicente Pantoja Vega,1-613-152-5523x22805,evarael@grupo.com
1165,Palacios y Delgado S.A. de C.V.,Teodoro Narváez,+11(1)5255862778,concepcionarevalo@despacho.net
1166,Granados A.C.,Ing. Renato Sarabia,+97(1)8614229355,veronica59@despacho.org
1167,"Quintero, Mayorga y Rael",Pilar Rebeca Bueno Carbajal,(379)830-4576x27451,ordonezabel@tamez-vasquez.com
1168,Montero-de la Fuente,Claudio Felix Ferrer Ojeda,1-896-008-3476x12898,adalbertosaldivar@club.org
1169,Vélez y Villegas S.A.,Aurora Salma Méndez Orta,+33(8)7885285898,psepulveda@trevino-holguin.com
1170,Ortiz y Guerra A.C.,Sra. Sessa Acuña,379.499.9445x744,francisco07@verdugo.com
1171,"Montalvo, Linares y Gómez",Lic. José Vanegas,06043598398,rosalia90@zelaya.com
1172,Raya-Sarabia y Asociados,Pablo Mendoza,(816)784-3407x307,robledogabriela@cabrera.com
1173,Salazar S. R.L. de C.V.,Dulce Oquendo,1-223-385-4033x6999,gregorio85@escobar.com
1174,Proyectos Orozco-Mascareñas,Eloy Reynoso,551.497.2490,homerocazares@corporacin.com
1175,"Club Mendoza, Aponte y Vigil",José Carlos Martínez,570.200.6174,esquiveldiana@corporacin.info
1176,"Carranza, Crespo y Cardenas",Norma Haro,(912)706-5076x12228,trinidadamador@olvera-lucio.biz
1177,Guzmán-Acuña S.A. de C.V.,Ivonne Mejía Molina,1-502-635-6077x7894,miguelchapa@parra.org
1178,Irizarry e Hijos,Alta  Gracia Alicia Solís,(369)626-9022,corneliovalle@noriega.com
1179,"Cano, Reyna y Zelaya",Marcos Ríos Alva,151.200.3934x49076,hdavila@echeverria.com
1180,Proyectos Godoy y Villalobos,Teodoro Eloy Vélez,921-053-0712x260,valdiviagilberto@industrias.info
1181,"Grupo Rendón, Ayala y Mata",Ing. Óscar Toro,(728)206-3228x0126,lovatorafael@perea.org
1182,Chapa-Juárez S.C.,Adriana Ofelia Peña,1-064-724-5257x37874,jsaldana@despacho.com
1183,"Matías, Roque y Rocha",Ana Luisa Briseño Collado,889.728.4268x0928,concepcionbatista@hinojosa.com
1184,Mondragón S.A.,Ángela Sessa Sevilla Pineda,+56(6)8803166479,sara12@verduzco.com
1185,Proyectos Iglesias-Cepeda,Úrsula Muro,541.601.9919,maria-teresa08@acevedo.com
1186,"Ruelas, Candelaria y Navarro",Alfredo Octavio Robles Candelaria,074.043.3689x57967,sonialozada@botello.com
1187,Aragón-Vásquez,Amador Rodarte Ávalos,07850205025,martha72@laboratorios.com
1188,de León S. R.L. de C.V.,Itzel Rosalia Zavala Rojas,753-965-9744,anabelcorona@holguin.com
1189,Palacios-Linares,Jos Fidel Quintana,(051)337-9376,xvela@ojeda.biz
1190,Tamayo S.A. de C.V.,Marisol Bueno Reyna,(905)849-6881,ricardo99@serrato.com
1191,Santacruz-Pacheco S.A.,Sr. José Carlos Quiroz,450-999-8632,bianca35@club.com
1192,Bustamante-Báez,Jaqueline Batista,(466)898-5932x1359,gcarvajal@despacho.com
1193,Arenas S.A.,Luis Miguel Guillermo Correa Montemayor,720.554.8298x7819,cristianlerma@herrera.info
1194,"Club Adame, Lozano y Delgado",Srita. María Cano,847.214.6172x758,juarezana-maria@industrias.info
1195,"Santacruz, Sisneros y Rentería",Lic. Mitzy Riojas,544.584.7413x401,nadiagallardo@acosta.biz
1196,Laboratorios Rendón-Mercado,Santiago Fernando Heredia,389-012-4844x793,amontes@barrios-murillo.biz
1197,"Chacón, Centeno y Grijalva",Miguel Ángel Amaya Peralta,1-948-053-1602,estelaluna@grupo.info
1198,Proyectos Salazar-Barreto,Lilia Cuellar,(475)631-1213,salazarmaria-cristina@industrias.com
1199,"Peña, Bernal y Matos",Ing. Zacarías Segovia,1-866-356-5418,de-jesusrosario@corporacin.com
1200,"Prieto, Viera y Arguello",Rocío Laboy Orellana,1-984-288-2847x0520,eloygaray@proyectos.info
1201,de la Fuente-Fuentes,Adán Fernando Preciado Olivárez,642-778-6268x5272,bochoa@grupo.info
1202,Valentín y Gastélum y Asociados,Lic. Aurelio Aguilar,(283)345-5735x623,esthersanabria@badillo.com
1203,Corporacin Tamez y Munguía,Ing. Dulce Ballesteros,732-285-7042,benito25@miranda-lopez.net
1204,Industrias Rascón y Reynoso,Ignacio Cano Cano,(788)159-6467x386,caridad90@corporacin.info
1205,Grupo Escobar y Domínguez,Sra. Vanesa Curiel,(895)587-7006,octavioiglesias@verduzco-villasenor.com
1206,Club Laureano-Aparicio,Lilia Aldonza Vaca Villegas,1-301-203-3980,guardadojuana@bustos.net
1207,Grupo Moya y Pineda,Rosalia Avilés,1-810-801-5337,leonardo56@alonso.info
1208,de Jesús y Segura y Asociados,Anel Guadalupe Olivárez Navarrete,695.794.5759x5995,amador55@laboratorios.org
1209,Quintero-Carrero,Ing. Hugo Benavídez,(395)252-5207x8821,gmarroquin@escalante-caballero.com
1210,Salazar-Lucero e Hijos,Ing. Eduardo Balderas,1-027-694-7308,timoteobaez@proyectos.com
1211,de la Garza-Linares,Sr. Eric Verduzco,1-634-094-1218,najeravanesa@corporacin.com
1212,Amador S.A. de C.V.,Rebeca Esmeralda Bueno Chacón,325-460-1891x13434,guadalupe13@industrias.info
1213,"Treviño, Pelayo y Brito",Oswaldo Gerardo López Cazares,01202913813,caballerosantiago@industrias.org
1214,Valadez S. R.L. de C.V.,Yeni Barrios,1-664-523-1919x9082,gamboajuan-carlos@orosco-valenzuela.com
1215,Quintanilla-Coronado,Marcos Ozuna,041.710.3891x918,clopez@anguiano-carrasco.com
1216,Despacho Guzmán-Jurado,Ing. Marcos Amaya,148.765.0775x257,mauriciobenitez@frias.com
1217,Laboratorios Salinas y Santacruz,Bernabé Andrés Mata,1-703-996-3066x70059,conchita96@zedillo.com
1218,Laboratorios Riojas y Bahena,Oswaldo Cardenas Matías,009-714-0863x3234,angelpalomino@tellez-salas.com
1219,Industrias de la Torre y Guerrero,Hilda Pilar Adame Vélez,228.582.5854x551,reinacarrero@alva.net
1220,Proyectos Gollum-Porras,Natalia Noemí Fonseca Trujillo,1-736-932-3800x43647,leticia46@lara.info
1221,"Despacho Orozco, Godoy y Salas",Cristobal Alfonso Pabón,175.529.7760,hurtadoaraceli@despacho.com
1222,"Proyectos Bétancourt, Negrón y Quiñones",Ricardo César Marrero Gallegos,1-611-686-1146x03611,claudiaalonzo@mondragon-mojica.com
1223,"Montoya, Holguín y del Río",Martha Emilia Ojeda,437-714-0344x5459,yuridia66@aguirre.com
1224,Caballero-Zaragoza,Sara Carlota Coronado,238.697.4217x368,luznazario@vera.info
1225,Vigil S.A.,Sr. Tomás Vela,06508113640,robertosuarez@industrias.info
1226,Alejandro e Hijos,Concepción Mariana Vásquez,1-951-429-5449,kporras@lozada-chavarria.com
1227,Moreno y Puga S.A.,Indira Claudia Sanches Aguilar,+16(1)7344794592,zeferinocarvajal@galindo.com
1228,"Leiva, Serrano y Zelaya",Yolanda Arcelia Arredondo Avilés,07078129457,vbenavidez@despacho.com
1229,"Despacho Lomeli, Delgadillo y Guillen",Yeni Montoya Cornejo,(337)287-5679x8130,deboramelgar@lara.com
1230,Mondragón-Sisneros,Caridad Barragán,708-941-0791x1611,concepcion44@bonilla.net
1231,Despacho Velázquez y Reyna,Gabriela de León Madrid,388.523.7748x770,rodartemarisela@contreras-molina.com
1232,Corporacin Cadena-Cortez,Rodrigo Aldo Urbina,(267)990-9666,corderomaria@muro.com
1233,Rico-Barajas S.C.,Lic. Raúl Cepeda,00037090703,xsolis@suarez.net
1234,"Puga, Venegas y Garza",Alfonso Pablo Aragón Vásquez,348-492-6748x7629,dmontenegro@llamas.com
1235,"Mateo, Quintanilla y Cepeda",María Eugenia Karla Muro,(419)828-1794x77950,esquibelvictor@centeno-cordova.com
1236,"Duarte, Osorio y Gastélum",Flavio Castillo Ordóñez,(452)573-3090x74063,eric68@contreras-cordova.info
1237,"Roque, Nazario y Casillas",Jorge Rodrigo Feliciano Rosario,990-053-6693x32763,rafaelceballos@industrias.com
1238,Club Cintrón y Gaona,Tania Conchita Escamilla Miranda,1-310-337-0089x4234,floresestefania@jaramillo.com
1239,Proyectos Estrada y Castañeda,Micaela Gaitán,(456)125-7804x7371,zoe17@vazquez.com
1240,"Lucero, Negrón y Munguía",Ing. David Caldera,783.792.6405,humbertoraya@laboratorios.net
1241,Flores-Irizarry e Hijos,Ramón Rodrigo Gallardo Vázquez,+39(7)9978331503,eugeniovillegas@verdugo-peres.com
1242,Anguiano-Cavazos,Adela Ortiz Pulido,(860)673-4767x149,jgurule@burgos-abrego.net
1243,Escalante-Marín S.A.,Juana Claudia Corral Candelaria,1-596-374-3963,pilar59@despacho.com
1244,Lira-Pedroza S.A. de C.V.,Soledad Socorro Nazario,1-170-873-0021,concepciongeorgina@club.com
1245,Orellana-Riojas S.A.,Enrique Felix Linares Santiago,1-493-916-6019x109,madridmaria-elena@ortiz.com
1246,Club Mares-Maestas,Noelia Olga Fajardo Rodarte,595-417-6090x9371,xloya@valdivia-cardenas.com
1247,Salas-Gurule e Hijos,Lic. Mariano Velasco,(473)387-8052,merazcatalina@montano.com
1248,Torres y Madrigal e Hijos,Magdalena Arcelia Villaseñor Tafoya,(837)434-5096x8593,ortegajacobo@baeza-cornejo.com
1249,"León, Orozco y Zúñiga",Guillermo Francisco Lugo Gómez,486.952.1215,paparicio@barela.net
1250,Fuentes S.A. de C.V.,Lic. Zacarías López,604-903-7647x476,bonillaelena@escamilla-diaz.com
1251,Armendáriz-Granados e Hijos,Ing. Victoria Marroquín,868.190.0415,marcosgalvez@ceja-torrez.biz
1252,Camarillo y Asociados,Porfirio Martínez,1-002-957-3801,barrientosjose-luis@proyectos.net
1253,Noriega-Valdivia,Juan Carlos Bustamante Zamora,(999)136-5055,velasquezeugenio@proyectos.net
1254,Bonilla y Sánchez S.C.,Ángela María Teresa Aguilar Terán,+49(2)9328507196,corralesnelly@grupo.com
1255,"Industrias Morales, Dávila y Cervántez",Rubén Jaimes Arguello,(037)177-5885x62748,oquendoclaudia@barreto-duran.biz
1256,Laboratorios Apodaca-Godínez,Julio Villarreal Nevárez,06571211860,torresemiliano@ceja-godinez.org
1257,Grupo Bahena y Echeverría,Isabel Vergara Sauceda,920.623.1459x688,almontenancy@cardenas.net
1258,Lomeli S.A. de C.V.,Jorge Luis Dávila Burgos,02036081641,hernandespedro@arias.org
1259,Canales y Hidalgo A.C.,Elsa Laboy,(954)495-0609x580,sceja@iglesias.biz
1260,Laboratorios Treviño y Montero,Sra. Mariana Holguín,941-429-0495,bquintero@corporacin.com
1261,Palomino y Orellana S. R.L. de C.V.,Timoteo Jorge Luis Esquivel,+16(4)7286174685,cervantescarolina@industrias.com
1262,Orellana-Ontiveros,Reynaldo Leonel Puga Aguilera,1-498-246-8967,castellanoscitlali@ochoa-cotto.info
1263,Lucero y Armendáriz S.A.,José Emilio Pablo Centeno,1-125-242-3525,aaponte@solorzano-mares.biz
1264,Regalado-Dueñas,José Eduardo Andrés Mojica,053-531-3184,daniela05@corporacin.com
1265,Laboratorios Castañeda-Aguayo,Sra. Carolina Véliz,431-414-0878,raulestrada@rosario.net
1266,Laboratorios Maestas-Armenta,Bernardo Claudio Ponce Tamez,313-799-8181,ariasmayte@corona.biz
1267,Rivas-Solano y Asociados,Ing. Dulce Mercado,877.452.6348,julio-cesarsalcido@corporacin.com
1268,Laboratorios Medina-Fierro,Berta Barreto Robledo,828-050-3455x3882,acovarrubias@club.biz
1269,"Armendáriz, Tejada y Cazares",Natividad Saldivar,(587)120-7531,catalinavaca@zayas-espinal.com
1270,Club Cazares-Cadena,Óliver Lucero Borrego,430-106-1445,nellyzambrano@malave.com
1271,"Grupo Gallardo, Barrientos y Yáñez",Ing. Ariadna Casillas,(533)349-7296x97010,florezsandra@grupo.org
1272,Nava y Torres e Hijos,Nelly Pedraza Barrientos,888.178.6021x59927,mariano76@industrias.com
1273,Gaitán S.A.,Emiliano Emilio Escamilla,954.807.0473,marrerolinda@proyectos.info
1274,"Club Rodríguez, Salgado y Herrera",Maximiliano Almanza García,665-600-7622x821,soledadtijerina@despacho.net
1275,"Terrazas, de Anda y Rosales",Esperanza Quiñónez,643-933-0459,kvargas@padilla.biz
1276,Laboy S. R.L. de C.V.,Eloisa Cabrera Echeverría,1-443-584-9811,elsa51@corporacin.com
1277,"Gollum, Robles y Valdés",Nicolás Adán Maldonado,(364)811-6595x5859,joaquin19@club.com
1278,Proyectos Parra y Esquibel,Ilse Olivia Salgado,(767)687-7759,arceliavaldivia@becerra.com
1279,Hinojosa y Yáñez A.C.,Dra. Dulce María Vaca,+88(4)2672339907,xcarrero@apodaca.com
1280,Garrido-Caraballo,Georgina Sotelo Abrego,(423)647-9214,britoabelardo@calderon.info
1281,Marrero y Asociados,Lic. Araceli Monroy,380.679.9673x672,vierayuridia@casanova.com
1282,Durán y Preciado S.A. de C.V.,Eric Báez,869.972.4597,narvaezariadna@estevez.info
1283,Aguilar y Casanova A.C.,Georgina Caldera Robledo,(732)609-6856x88886,aragonlinda@zedillo-rojo.com
1284,"Roque, Villareal y Lozada",Evelio Partida,470-263-2767,mmontoya@jaime.info
1285,"Olmos, Huerta y Vergara",Lic. Aurelio Montes,347.450.2405,espartasaldivar@industrias.com
1286,"Mascareñas, Gaytán y Holguín",Aldonza Granado Quintana,480.780.5383,luznieto@vera.org
1287,Gutiérrez-Palomo,Ing. Gabriela Sosa,+40(7)3730415063,porfirioanguiano@candelaria-armenta.com
1288,"Muro, Sevilla y Godínez",Margarita Verdugo,(334)674-6466x033,indiraestrada@jaime.org
1289,Proyectos Avilés-Velásquez,Sr. Amador Bueno,+27(6)0781951648,noelia77@fierro.com
1290,Ponce A.C.,Ing. Flavio Medina,1-547-893-5052x602,uanaya@suarez.biz
1291,Balderas y Rosales A.C.,Trinidad Casares,(923)613-9123,qriojas@zamora-villalobos.com
1292,Franco-Guzmán,Lilia Martha Ramírez Aguirre,1-807-910-6510,cjaramillo@aranda.com
1293,"Club Tamez, Jiménez y Sepúlveda",Abraham Gil,857-365-4044,hermelindaescalante@alarcon.com
1294,Urrutia y Santillán S.A.,Esparta Elvira Borrego,(785)984-4408x895,alvarofeliciano@laboratorios.com
1295,"Adame, Monroy y Correa",Rosa Rosalia Ayala,05230299966,marioalonso@grupo.com
1296,"Despacho Guevara, Anguiano y Quiñónez",Lic. Bianca Morales,027-320-1295,estebanvaldez@acuna-alonzo.com
1297,Despacho Tapia y Cintrón,Juan Carlos Sierra Castro,+48(1)0930548473,esperanza79@flores.net
1298,Corporacin Mendoza-Menchaca,Ramón Cantú,182.723.8264,natividadmota@santana-montalvo.com
1299,Nava-Robles e Hijos,Mónica Mitzy Bétancourt,1-590-308-1969,uriel48@ontiveros.com
1300,Lozano S. R.L. de C.V.,Eva Vigil,150.892.4464x03507,xyanez@mora-zaragoza.com
1301,Mercado-Sauceda S. R.L. de C.V.,Ángel Patricio Cervantes,(277)547-7774x59254,castromariano@cordero.org
1302,Club Ybarra y Rodrígez,Sra. Aida Salcido,+45(5)9484967416,mcenteno@perez-saenz.com
1303,Narváez-Villa S.A.,Alicia de la Garza Raya,(749)064-1227x276,leonardo14@carreon-ferrer.com
1304,Arroyo y Badillo S.A. de C.V.,Ing. Jonás Valadez,455.955.6216,lucasnieves@pedroza.com
1305,Aguilar-Madera y Asociados,Sra. Alicia Sandoval,(043)171-5578x521,overgara@club.com
1306,Proyectos Barrientos y Peres,Ramón Velásquez Sisneros,850-105-5839x1115,jorge-luisarmas@club.com
1307,Laboratorios Granados y Gamboa,Ing. Elvira Sanabria,1-020-388-7821x8893,rufino78@paz-regalado.biz
1308,"Guzmán, Laboy y Cervántez",Ricardo Gonzales Luna,124-266-4742x6440,frida83@proyectos.biz
1309,"Grijalva, Quintanilla y Villegas",Minerva Cabán Ulloa,744.992.4687x144,ygamboa@haro-caballero.com
1310,Quesada-Páez S.A. de C.V.,Federico Víctor Leiva Alarcón,690-896-4966,esolano@terrazas-echeverria.com
1311,Grupo Chacón-Jáquez,Noemí Marisela Chapa,(037)337-8406,figueroalaura@salazar.com
1312,Sánchez y Guevara A.C.,Ing. Jerónimo Viera,576-578-6800x551,citlaliroque@ibarra.com
1313,Club Garrido y de Jesús,Alta  Gracia Ivonne Partida Carbajal,653-442-0042,segoviaeloisa@henriquez.com
1314,Chapa-Arteaga S.A.,Antonia Velasco Caballero,1-850-565-1335x8508,irizarryjose-maria@proyectos.net
1315,Piña y Partida e Hijos,Esteban Saiz,(904)233-8106x08917,arellanoasuncion@grupo.net
1316,"Corporacin Rico, Lucero y Vera",Isabela Rosa Zamora,+52(7)0259961143,josefina30@proyectos.com
1317,García-Arevalo,Ángela Adela Yáñez,216-897-4537,leyvaestefania@proyectos.com
1318,Despacho Castro y Quiroz,Dr. Benjamín Duarte,(665)602-3361x655,peraltahumberto@club.com
1319,"Reyes, Chávez y Ayala",Lorenzo Rojas,027.510.0568x70690,francisca11@despacho.biz
1320,Zamudio y Fierro y Asociados,Gerardo José Emilio Escobedo Velasco,305.484.9516,guadalupe07@grupo.com
1321,Cordero S.A. de C.V.,Leonardo Guillermo Paz Tafoya,1-519-020-4115,maria-cristina80@calvillo-arteaga.com
1322,Corporacin Ornelas y Nava,Francisco Javier Peña,1-305-754-3700,gerardo64@club.com
1323,Ríos-Alarcón,Lic. Ángel Carranza,(592)833-9717,caridad81@ochoa.com
1324,Mota S. R.L. de C.V.,Oswaldo Genaro Valladares,010.559.1698,oswaldobenavides@villalobos.com
1325,Amaya y Solano S. R.L. de C.V.,Ing. Alonso Olmos,452.593.5707,anegrete@club.net
1326,Pizarro-Contreras e Hijos,Mauricio César Vera Crespo,(026)118-6801x093,lacosta@villalpando-leiva.org
1327,Valadez A.C.,Amelia Amelia Estrada Chacón,628.058.7777x014,scervantes@santillan.com
1328,Ponce-Zapata S.C.,Lic. Aldo Salas,1-359-569-1922x051,barbarapacheco@proyectos.com
1329,Corporacin Armendáriz-Arriaga,Isabel Barbara Pineda Robles,486.735.8182x17748,flerma@zepeda.org
1330,Urbina-Maldonado S.A.,Elsa Nieves,999-712-5201x930,bhernandez@cordova-olivarez.info
1331,Vélez-Burgos,Ing. Paola Velásquez,1-353-031-3878,aureliomayorga@tamez.info
1332,Gómez-Gracia S.A. de C.V.,Conchita Piña de la Torre,+29(4)8747811282,qvillareal@corporacin.info
1333,Industrias de Jesús y Cavazos,Santiago Francisco Borrego Quintana,786-503-9475x05577,fvalladares@macias.com
1334,"Grupo Madrid, Matos y Fonseca",Emilia Sandoval Bermúdez,05750927209,laura03@villareal.com
1335,"Escamilla, Hidalgo y Estrada",Samuel Camarillo,(867)088-5506x943,renato10@aleman-macias.com
1336,Villaseñor y Rojo S.A. de C.V.,Srita. Irene Leiva,1-210-181-8896x9913,rosariovilla@corporacin.com
1337,"Proyectos Sandoval, Bernal y Campos",Jerónimo Pablo Archuleta,1-475-601-6426,tomasmesa@limon-pena.com
1338,Despacho Godoy-Mondragón,Lic. Zacarías de la O,394-071-7343,carmen60@huerta-rodriquez.com
1339,Perales A.C.,Salvador Sotelo,00795163521,salma12@de.com
1340,Saavedra-Mireles,Andrea Judith Serrano,+95(6)4185413336,umurillo@cintron.com
1341,Méndez-Prado,Nelly Carrión Quiñones,915-782-9052x49221,candelariatania@grupo.com
1342,López-Carmona,Sr. Benito Gálvez,569-939-1426x5201,angelcardenas@madrid.com
1343,"Laboratorios Maldonado, Pulido y Santacruz",Miriam Ornelas,594-818-2729x136,mmena@pena-marrero.com
1344,Marroquín-Espino,Claudio Rolando Alvarez Cadena,03085231568,modestolongoria@industrias.com
1345,Laboratorios Heredia-Ortega,Julio César Octavio Bonilla Guerra,(025)342-3867,ramosguadalupe@anguiano.org
1346,Laboratorios Villanueva y Tello,Sandra Virginia Polanco Ortega,408.772.1075x240,guajardomariano@nevarez.com
1347,Zamora e Hijos,Carolina Eva Ríos Chapa,426.541.6893,indirapuente@industrias.com
1348,Industrias Candelaria y Ureña,Pedro Samuel Espino Olivárez,327-868-0704x23573,solizpilar@veliz-gollum.com
1349,"Véliz, Villaseñor y Escobar",Eugenio Jaime Haro,(705)070-7750,martha49@fajardo.biz
1350,"Pedroza, Castillo y Batista",Ricardo Alba,1-951-948-4542,beatrizverduzco@miramontes-campos.com
1351,Menchaca S. R.L. de C.V.,Jos Ignacio Caldera,1-635-110-9674x5136,concepcionmoya@meza.com
1352,"Despacho Salazar, Granados y Salgado",David Genaro Ibarra Cervantes,(787)032-3812x817,sotelorocio@corporacin.com
1353,Proyectos Casares-Batista,Mario Jaime Verdugo Piña,731.149.3310,pcuellar@preciado.com
1354,"Laboratorios Alvarez, Amador y Gollum",Ariadna Saucedo,+36(4)8510021824,hernadezalvaro@ramos-armenta.com
1355,"Club Barajas, Pineda y Urbina",Nadia Marcela Espinosa Enríquez,04999703204,sofiamarquez@herrera.com
1356,"Corporacin Ceballos, Cano y Armas",Isabela Anabel Armenta,+46(0)1041313555,tvasquez@despacho.com
1357,Industrias Munguía y Piña,Caridad Sofía Briones Sáenz,189-898-7877x677,cristian38@rivera.com
1358,Tejada-Vela,Víctor Reyes,204-873-0451x94558,zsegovia@reyes-garica.com
1359,Tijerina-Vaca,Pablo Véliz Padrón,(031)575-8593,tiradosessa@griego-ornelas.com
1360,Nájera S.A. de C.V.,Dr. Genaro Vergara,(719)540-6385,areyes@despacho.com
1361,Club Valdivia y Leiva,Andrés Jorge Luis Muñoz Montero,535.440.7896x77888,sofiacervantez@aparicio-arellano.info
1362,Laboratorios Aguirre-Lebrón,Wilfrido Marín Saldaña,01246175780,eugenio04@paredes.net
1363,"Hinojosa, Laboy y Córdova",Camila Florencia Macías,049.867.1101x877,godoyomar@corporacin.com
1364,"Grupo Anaya, Rivas y Guevara",Iván José María Piña Tamayo,1-974-903-0438x1779,ramiropaez@corporacin.com
1365,Cantú-Espinosa,Bernabé Segura Polanco,(323)145-6518,de-la-cruzfrida@villegas-blanco.info
1366,Alonzo S.A.,Dr. Maximiliano Juárez,1-256-740-5362,espartaco23@beltran-miramontes.com
1367,Barrera-Carrera,Sra. Sandra Chapa,+60(7)1369300522,maresraul@laboratorios.com
1368,Feliciano-Valencia S.A. de C.V.,Jacobo Manuel Casares Castañeda,(159)994-4261x845,luis-miguel75@club.org
1369,Balderas-Tejeda A.C.,Ing. Alejandro Elizondo,1-235-859-3580,wendolinmerino@industrias.com
1370,Saldivar S.A. de C.V.,Pablo Sauceda Bueno,1-735-442-5247x7774,roberto96@proyectos.com
1371,"Leyva, Avilés y Arriaga",Adela Judith Vanegas,(826)486-2755x3779,marisolmora@laboratorios.com
1372,Despacho Alonzo-Hernández,Miguel Ángel Cortez Muro,539-601-6099,horaciohernadez@angulo.com
1373,"Chacón, Muro y Cano",Francisca Débora Castellanos Orta,+32(5)0394398844,florenciavaldes@cortes-guerra.com
1374,Villareal y Jaime S. R.L. de C.V.,Zoé Estefanía Miramontes,(959)578-1273,salcedosamuel@club.com
1375,Proyectos Colunga-Lemus,Emiliano Gallardo Zapata,1-627-617-6404,ledesmacatalina@navarro-camacho.com
1376,"Godoy, Santana y Bétancourt",Adán Jos Aguayo,289-207-4595,lorenacervantez@peres.com
1377,Grupo Gaitán-Matías,Dr. Gabino Reyes,1-278-396-9215,arguelloalberto@club.info
1378,Despacho Hinojosa-Esquibel,Lic. Rufino Olivas,1-371-557-3105,abrahamvalencia@despacho.com
1379,Vanegas S.A. de C.V.,Nicolás Fuentes Gonzales,1-731-297-3414x850,eugenianino@sotelo.biz
1380,Abrego S. R.L. de C.V.,Modesto Corona de León,+87(1)2189452395,iarchuleta@grupo.org
1381,Montoya y Carrero S.C.,Marcela Anguiano Fajardo,(308)880-6094,riveroamanda@de.com
1382,García-Alva,Martín Serna Treviño,(758)755-8509x591,amalia04@del.biz
1383,"Laboratorios Orozco, Cazares y Ramírez",Pascual Marco Antonio Mojica Cano,(142)043-8450x4621,qolvera@corporacin.org
1384,"Despacho Pizarro, Ocasio y Rangel",Sr. Martín Valadez,(869)858-5749x11066,bcorona@despacho.org
1385,Terrazas y Mateo S.A.,María José Ana Beltrán Crespo,931-645-9824,emiliatrevino@jiminez.com
1386,"Despacho Rosas, Villalpando y Fernández",Inés Andrea Saucedo,1-569-269-2032x735,jcarvajal@ordonez-roybal.com
1387,Proyectos Haro-Acuña,Rodolfo Mondragón Reyna,(895)915-3242x56600,merinoirma@club.com
1388,Fierro S.A. de C.V.,Germán Lorenzo Mireles,329-856-8499x77070,barmendariz@jurado.com
1389,Grupo Rael y Aparicio,Homero Villareal Bétancourt,744.368.7163x87621,helena74@melendez.com
1390,"Portillo, Casas y Soria",Humberto Reynaldo Sanabria Maldonado,04278531419,adelgadillo@laboratorios.com
1391,Cruz-Chacón,Francisco Velázquez,1-821-590-0713x2044,anel67@batista.com
1392,Rivera-Ojeda,Abril Francisca Mata,(893)911-6457x677,enieves@olmos.info
1393,"Arredondo, Valenzuela y Morales",Abraham Pascual Monroy Cintrón,1-645-521-7504x9988,itafoya@colon.com
1394,"Grupo de la Crúz, Adame y Prado",Rodolfo José Eduardo Arevalo,(929)873-8640x067,vicentepedroza@fierro.com
1395,Proyectos Brito-Hinojosa,Andrés Esquibel,08393301118,wendolin06@heredia-sanchez.com
1396,Solorzano-Samaniego S.A. de C.V.,Carla Longoria Moya,961-514-3697,anabel78@corporacin.org
1397,Laboratorios Sánchez y Reyes,Gerardo Jesús Montes,696-338-9586x417,aldonzaontiveros@casillas.org
1398,Preciado-Ceballos,Lic. Tomás Malave,762-936-8426x85179,bespino@vallejo.com
1399,Ceja e Hijos,Ángela Rebeca Baeza Marroquín,203.872.1215x19045,tde-la-torre@club.com
1400,"Miramontes, Pizarro y Pantoja",Genaro Zarate,1-508-243-2625,yolandatijerina@lebron-alcaraz.com
1401,Saldaña S.A. de C.V.,Perla Soto Limón,04202484350,xlemus@zapata.com
1402,Industrias Ayala-Viera,Lic. María Elena Alvarado,440-431-0907,qcaldera@grupo.com
1403,Roldán y Garay S.C.,Irma Indira Hinojosa,1-617-275-7355x481,georgina12@palomo.com
1404,Industrias Gamboa y Velázquez,Uriel Gustavo Duarte Ríos,1-021-501-3433x90627,juana24@rojas.org
1405,Ceja-Zavala,Sra. Dulce María Rascón,09127593955,sbrito@despacho.com
1406,Despacho Ornelas-Melgar,Sra. Amanda Acosta,1-443-643-6444x32969,hernadezignacio@laboratorios.info
1407,Grupo Quintanilla-Otero,Elvia Matos,(780)878-5710,jose-mariatoledo@gamez-arenas.com
1408,Balderas e Hijos,Dolores Salma Cintrón,1-867-754-6586,roquejesus@club.com
1409,"Gálvez, Garay y Enríquez",Lic. José Pedraza,415-463-5175x7351,flavio76@munoz.org
1410,"Menchaca, Patiño y Alcala",Gabino Gaona Ramos,522.964.8421x09222,esteban45@rosado-villagomez.com
1411,Club Cedillo y Godínez,Karla Lilia Armenta Laboy,04264302970,garayines@grupo.com
1412,Alemán-Fernández,Sandra Córdova Márquez,(392)295-0149x62840,rpreciado@fajardo-zavala.net
1413,Tijerina y Galindo e Hijos,Lic. Lorenzo Reyna,(900)782-4466x66948,eloisaacuna@grupo.com
1414,Alemán-Tamayo S.A. de C.V.,Pamela Durán Mesa,629-726-6923x25727,salmamaestas@toledo.info
1415,Jimínez S.C.,Evelio Gerardo Hernandes Heredia,(661)051-4961x806,gde-la-garza@solis.org
1416,Corporacin Henríquez-Zayas,Sr. Germán Murillo,08695613440,trinidadgollum@tovar-gutierrez.net
1417,Casas S.C.,Srita. Estela Rodarte,(912)377-9398x012,andresbermudez@galvan.com
1418,Despacho Aguayo-Corral,Santiago Camacho,231.336.3140,eloyde-la-fuente@armenta.com
1419,"Roybal, Escobar y Aragón",Espartaco Zacarías Montero,031.775.6900x0191,vocampo@proyectos.com
1420,Corporacin Gamez y Segovia,Berta Jaqueline Beltrán Marroquín,(746)911-7087,cepedailse@industrias.com
1421,Arredondo S. R.L. de C.V.,Ramiro Aguirre,(349)123-2160x0593,raulbenitez@grupo.info
1422,"Cruz, Muro y Cordero",Emiliano Bueno Garay,01679542832,rsalcido@campos.com
1423,"Ramírez, Santiago y Carranza",Marcos Miguel Ángel Terán,(290)251-5386x426,xgonzalez@de.com
1424,"Despacho Rosas, Mireles y Frías",Horacio Alcala Muro,1-198-410-5075,abelardo84@davila-trujillo.biz
1425,Ramón y Bañuelos S.A.,Mayte Esmeralda Pulido Razo,700.830.7644x0583,aldonza01@davila.info
1426,Guerra y Chapa S. R.L. de C.V.,Rubén Alberto Carvajal Trujillo,205.112.1340,yestevez@beltran.org
1427,Narváez A.C.,Israel Alfredo Pacheco Mascareñas,01747117064,esmeralda96@esquivel.com
1428,Ramos e Hijos,Sra. Georgina Luevano,(138)819-0114x5676,aquinones@viera-mireles.com
1429,"Industrias Ozuna, Anaya y Caldera",Alta  Gracia Ofelia Corral Cabrera,1-645-177-0223x804,maximiliano47@club.com
1430,Laboratorios Córdova y Bahena,Dra. Salma Villalobos,284-898-7358x72729,marcosmojica@aleman.com
1431,Guerra S. R.L. de C.V.,Laura Piña,1-984-648-4427,nataliavaldes@corporacin.com
1432,Industrias Bernal y Uribe,Liliana Rendón,227-353-3406x201,mpineda@corporacin.com
1433,Despacho Noriega-Otero,Gonzalo Montalvo,(636)288-6233,florencia04@corporacin.com
1434,Corporacin López y Contreras,Augusto Camilo Robles,1-494-495-7421,jose-carlos46@industrias.com
1435,Industrias Carranza-Casillas,Estela Marisela Delgadillo,642-998-7247,aidagallegos@noriega.com
1436,Grijalva-Acevedo A.C.,Graciela Bianca Ibarra Negrete,183-479-2305x78245,eliasalvarez@cintron-heredia.biz
1437,"Grupo Romo, Téllez y Olivo",Iván Felix Arreola Batista,606-696-1069,vguerra@mares.com
1438,Solano-Salas,Sra. Judith Mireles,+61(4)7159011250,juanbonilla@armendariz.com
1439,Club de Jesús-Valdez,Lic. Liliana Segura,212.086.1498,horacio50@ortega.org
1440,Santiago y Ibarra S.A.,Ángel Barreto Lira,04424607372,luzpina@moreno-veliz.com
1441,Industrias Medina-Zamudio,Dra. María Mejía,(763)798-2930x55779,pzaragoza@club.com
1442,Marrero y Camarillo A.C.,Patricia Gamez Zedillo,815-043-9035,ialvarez@urena-parra.biz
1443,"Alejandro, Perea y Galarza",Georgina Rocha Orozco,+75(1)2101842622,pmarquez@despacho.com
1444,Verduzco-Lozada A.C.,Irene Zepeda,356-535-2437x79507,xnaranjo@reynoso-garica.com
1445,Correa-Menéndez A.C.,Enrique Jesús Ureña López,(790)175-2279x294,kmenchaca@proyectos.com
1446,Collado A.C.,Rafaél Mojica,070-084-1591,rubencollazo@valle.com
1447,Proyectos Tórrez y Molina,Felipe Uriel Rosario,352-946-1426x204,seguraangelica@despacho.com
1448,"Club Bermúdez, Barrientos y Soto",Ing. Mitzy Saldivar,1-728-265-9338,llamasfelix@rosales-briones.biz
1449,Guillen S.A.,Ángel Santana,441.843.6602,zedilloleonardo@garibay-rodriguez.net
1450,Covarrubias e Hijos,Alejandro Santiago Guajardo,(767)777-3657x645,teodoro59@frias.net
1451,Menéndez-Henríquez,José Carlos Carranza,00269395533,terrazasrebeca@grupo.com
1452,Corporacin Barrios y Márquez,Graciela Miramontes,070.264.0626x06741,salma14@proyectos.com
1453,Peres-Lira,Elvira Herrera,(279)730-2940x69572,joaquin02@laboratorios.org
1454,Club Ríos y Carrasco,José Manuél Ricardo Durán Terán,889-199-4951,nmerino@vergara-leal.com
1455,"Lozada, Lugo y Preciado",Ing. David Granados,1-004-152-4286x7855,isabel01@saavedra.com
1456,Castellanos e Hijos,Lic. Mauricio Armas,936.725.0280x04177,saldivaroliver@laboratorios.com
1457,"Calvillo, García y Lugo",Omar Villagómez Cavazos,(164)575-2754x28328,rsaiz@bustamante-mota.com
1458,"Ornelas, Soliz y Sauceda",Jorge Luis José Carlos Rocha,05566166894,vallesoctavio@griego.biz
1459,Mondragón S. R.L. de C.V.,Graciela Casares Pedraza,01339563224,eduardo82@ortega-zepeda.com
1460,Despacho Colunga-Portillo,Ing. Gloria Valdez,1-697-848-7989x63196,claudiomontenegro@club.com
1461,"Vásquez, Elizondo y Dueñas",Norma Berríos Pichardo,230-127-4690,saavedracatalina@despacho.org
1462,"Guerrero, Robledo y Alfaro",Isabela Montemayor,606.223.0635,nrodrigez@salas-renteria.biz
1463,"Grupo Zúñiga, Soliz y Mares",Abel Isaac Aguilera,1-032-730-3248x27463,gonzalo35@blanco.net
1464,Despacho Guerra-Toledo,Marco Antonio Verduzco Mendoza,621-853-1112x8177,fuentessessa@pineda.com
1465,"Maestas, Rosado y del Río",Anel Gurule,(659)845-0337,delgadillovirginia@despacho.com
1466,Fajardo-Cardenas e Hijos,Elias Henríquez,527.567.1950x30568,dvaca@barrera.biz
1467,Coronado-Limón y Asociados,Dra. Natalia Zayas,08529838820,menchacagerardo@industrias.biz
1468,"Industrias Burgos, Guillen y Pabón",Lucas José Quintana,(528)226-1954x902,marisol49@grupo.info
1469,"Ortega, Bermúdez y Granados",Nancy Quesada,1-500-915-9567,horaciofrias@villareal-escobedo.com
1470,Venegas-Linares,Elias Maximiliano Angulo,(618)536-0878x072,cintronandres@laboratorios.net
1471,Barrera-Cotto,Samuel Ponce Ortiz,637.203.7344x836,dolores70@campos.com
1472,Palomino-Melgar S.C.,Dr. Sergio Pantoja,705.467.3931x649,villanuevaana@club.com
1473,Moreno S. R.L. de C.V.,Lourdes Tejeda,00253129266,abigailjurado@sauceda.com
1474,Sevilla-Ávalos S.A. de C.V.,Bernabé Lozada Olvera,05970001900,hfuentes@hinojosa-orosco.com
1475,"Laboratorios Salgado, Leyva y Guerrero",Olga Eloisa Vela,089-413-1985x96718,hugocardona@despacho.com
1476,"Laboratorios del Río, Muñoz y Barreto",Benjamín Serafín Arguello,1-594-094-2941,zeferinovallejo@villalpando.com
1477,Grupo Valdez-Torres,Teresa Linda Rocha Ordóñez,(062)895-1340x399,nurbina@llamas.com
1478,Suárez A.C.,Daniela Pantoja,293.970.2663,abrahamrodriquez@montero-mares.net
1479,Ureña-Melgar,Francisco Francisco Javier Cantú,07860577677,villasenorhector@proyectos.com
1480,Industrias Quiroz-Maya,Estela Alma Muñiz Santacruz,230.360.6778x7192,norma72@mejia.com
1481,Club Lerma y Velázquez,María Luisa Esperanza Narváez,04537525744,aidachavez@zayas.com
1482,Cano-Candelaria y Asociados,Jacobo Marcos Rolón,385.157.6467,negreteclemente@tapia.com
1483,Despacho Verduzco y Garica,Lic. Javier Balderas,(758)603-4563,luistoledo@grupo.com
1484,"Proyectos Mayorga, Razo y Avilés",Ángela Mateo Miranda,782.638.8032x42716,sosayeni@cruz.org
1485,Henríquez y Rosales S.C.,Flavio Modesto Alvarado Fuentes,(854)787-2681x93192,micaelaleon@del.com
1486,Orosco S.A.,Elvia Venegas Henríquez,185.455.4189x25883,ibarraabelardo@gomez.biz
1487,Despacho Fierro y Covarrubias,Catalina Prado,354.904.7986x571,lsantacruz@chavez.com
1488,Balderas-Sosa S.C.,Reynaldo Lucas Terán Martínez,434-760-8823x092,maria-cristina72@club.com
1489,Osorio-Fierro,Adán Urrutia,(601)726-2803,cristalmarrero@serrato.com
1490,Lerma y Vásquez A.C.,Marcos Gerardo Hernández,303-101-6636x62284,abril41@proyectos.info
1491,"Coronado, Curiel y Velasco",Ángela Cano Abreu,486-106-6002x6046,canoesparta@industrias.org
1492,Ojeda-Cervantes,Ing. Arturo Alva,(678)845-7321x650,robertocorral@proyectos.com
1493,Jáquez-Hernández y Asociados,Maximiliano Bermúdez Barreto,072-985-0230x50667,hernadezmargarita@gonzalez-garibay.com
1494,Sanabria-Blanco,Lic. Samuel Mateo,412.982.4922,duenasjudith@munguia-duran.com
1495,Chávez-Carranza y Asociados,Karina Nayeli Acosta Casárez,(696)250-5073,rodrigozapata@gomez-zaragoza.com
1496,Despacho Gurule y de la Garza,Amanda de la Garza Ruiz,962-383-8440,hildaorozco@hinojosa-gaitan.org
1497,"Grupo Valenzuela, Moya y Sosa",Eugenio Garza Alvarez,641-486-3290x8505,juradoyeni@caraballo.com
1498,Carvajal-Valdés S.A.,Miguel Ángel Saavedra,(109)074-4479,maytecarbajal@rodriguez-castellanos.info
1499,"Proyectos Alarcón, Anguiano y Fernández",Ing. Julio César Suárez,(848)657-3744x96660,ocervantez@ochoa.info
1500,"Despacho Cordero, Aguayo y Valdez",Ricardo Abel Espinoza,(893)825-2894x043,asuncioncarrion@almanza.org
1501,Rosas-Quintana S.A. de C.V.,Marcos Luis Miguel Valentín Longoria,(031)636-7817x5248,guzmanamelia@club.com
1502,Proyectos Garay y Alba,Zacarías Muñiz,952.608.8532,sgranado@caban.com
1503,Maestas y Reséndez S.A. de C.V.,Lic. Felipe Rascón,1-049-909-6781x945,kmiramontes@raya.biz
1504,Aparicio-Fernández,Sr. Jorge Rodrígez,1-689-108-0417,elisa94@despacho.com
1505,Rendón y Barreto e Hijos,Olivia Patricia Campos,587-236-3411x048,esmeralda86@carranza.com
1506,Crespo y Ulloa y Asociados,Rodolfo David Villa,02789885249,palaciosamador@despacho.com
1507,Club Gaytán y Bañuelos,Dr. Mauro Peña,1-185-596-7071,qherrera@juarez-magana.com
1508,Bahena e Hijos,Sr. Martín Negrón,(023)106-4079x729,vsoria@grupo.com
1509,"Grupo Rendón, Fonseca y Jaramillo",Lic. Samuel Zamudio,519-736-6547,julia78@laboratorios.com
1510,Escobedo-Villagómez e Hijos,José Silvano Baca Posada,1-771-853-6017x43040,anelocasio@arredondo.com
1511,Despacho Paredes y Osorio,María Elena Irma Cordero Rosado,+71(2)7971763506,jose-carlos72@lozano.net
1512,Ruiz-Palomo,Karla Carla de la Fuente Quezada,+25(4)3163915846,ilse25@ayala.info
1513,Laboratorios Armendáriz-Flores,Rosa Alejandra Ornelas,1-155-026-1340x97312,yolandabaca@olivo.biz
1514,Llamas-Acuña S.A. de C.V.,Ernesto Ledesma,(169)435-3286,robledomaria-eugenia@navarrete.com
1515,Industrias Aparicio y Mercado,Elena Cristina Carrillo Garica,788-645-5526x151,quintanaagustin@navarrete-salinas.com
1516,Industrias Niño-Aranda,Laura Tapia,441.235.9989x625,jzambrano@gurule.com
1517,Olivera e Hijos,Joaquín Jorge Luis Barajas Navarrete,07975193784,mariano12@fajardo.com
1518,Tamayo-Almonte e Hijos,Zacarías Oswaldo Piña,1-213-461-6461x52653,horaciocavazos@proyectos.com
1519,Carbajal S.A. de C.V.,Vanesa Cardenas,(971)988-4089,oswaldo74@chacon-padilla.net
1520,Saavedra-Zaragoza,Abraham Alcaraz,058-899-0580x8140,marcosleyva@molina.net
1521,Arriaga-Mojica,Wendolin Dulce María Mondragón,869-902-1311x66946,chapasara@cruz-lopez.biz
1522,Pichardo y Holguín S.A.,Berta Córdova,1-598-362-0749x88495,de-leoncatalina@veliz.com
1523,Grupo Berríos y Huerta,Ivonne Liliana Moreno,166.578.1304x995,madrigalmodesto@lopez.com
1524,Arenas-Tafoya S.C.,Rubén Javier Espinal Cedillo,307-248-7641,danielacamacho@laboratorios.com
1525,Heredia y Mayorga S. R.L. de C.V.,Bianca Mayte Alcántar,1-583-934-0835x44278,martha88@villalpando-de.com
1526,"Olivera, Nieves y Olivárez",Srita. Conchita Nevárez,(962)762-2368x31275,pedrocasillas@industrias.com
1527,Valentín y Apodaca S.A.,Porfirio Adán Bueno Rentería,106.294.5026x944,xgarica@gallardo-ledesma.com
1528,Industrias Beltrán y Angulo,Esteban Griego,186.679.0667x47720,betancourtveronica@lucero.net
1529,Industrias Henríquez y Gurule,Noelia Concepción Orta Almanza,08777953342,alejandragalarza@industrias.com
1530,Corporacin Salcedo-Romero,Cristal María Reyes Hernádez,750.218.8521,lermalorena@club.com
1531,Industrias Ortiz y Téllez,Natalia Mayte Luevano del Valle,+47(5)9835894770,svelazquez@laboratorios.net
1532,Guardado-Cedillo e Hijos,Eduardo Mateo Marín,(167)946-7781x898,tgalvan@berrios.com
1533,"Proyectos Menchaca, Vigil y Cervántez",Claudio Rolando Meza,723.501.9473x77962,gestrada@morales.org
1534,Rivera y Vargas A.C.,Nelly Rosario Corrales Cervántez,+08(1)0014286690,uecheverria@medina-saenz.com
1535,Cardenas-Hernandes y Asociados,Sra. Norma Otero,1-108-004-5872x422,ulozada@pina.org
1536,"Proyectos Sevilla, Farías y Armendáriz",Berta Reyes Castellanos,1-725-123-4335x3675,froybal@galindo.com
1537,"Mesa, Tapia y Rosario",Amelia Fonseca Barrios,+49(7)9140771280,qbriones@rosales.com
1538,"Orozco, Paz y Zayas",Susana Estela Rojo Coronado,171.243.5668x30325,carolinavega@colon-naranjo.net
1539,Ojeda y Saiz S.A.,Adela Rojo Valencia,00728394764,lbecerra@bueno.com
1540,"Granado, Carbajal y Vega",Conchita Luz Merino,443-909-5195x663,banuelostania@fernandez.com
1541,Muñoz e Hijos,Julio Gregorio Badillo,1-870-481-1353x739,knava@davila.org
1542,"Quintana, Rincón y Rodarte",Joaquín Muro Lugo,990-712-9969x9154,helenaaguirre@cavazos.com
1543,Proyectos Cantú y Galindo,Julio César Pedro Vázquez Esquivel,460.213.6884x157,sbotello@laboratorios.net
1544,"Grupo Noriega, Barajas y Villanueva",Lilia Briones Rojas,(558)922-3552x858,balvarez@despacho.net
1545,Industrias Garica-Gracia,Carmen Tórrez Quiñones,971-535-9647x2684,ajaquez@laboratorios.info
1546,Industrias Guillen-Candelaria,Cornelio Urbina Morales,088.087.5645x05810,lucia01@valenzuela.net
1547,"Ruiz, Villegas y Salazar",Ing. Pablo Puga,09378866364,pmenendez@grupo.info
1548,"Laboratorios Vela, Paredes y Girón",Octavio Vélez,262-819-1502,indiralopez@industrias.com
1549,Arteaga-Medrano S.A.,Timoteo Humberto Aguilera,1-047-260-9796,noemibenitez@corporacin.com
1550,"Ocasio, Alemán y Vázquez",Guadalupe Vera,09817473665,pilarquintana@soria-raya.com
1551,Nájera-Regalado A.C.,César Tello,449-616-3952,hermelinda47@rosas.info
1552,Despacho Collado-Garibay,Esther Serrato,1-756-191-8987x557,gilbertoescobar@anaya.com
1553,Maya S.A. de C.V.,Berta Quezada Godínez,585-405-9193x442,cynthia27@cervantes-escobedo.org
1554,Grupo Baca y Palomo,Elsa Fierro Nieto,1-597-598-0962,gerardovillegas@abrego.net
1555,Melgar y Rodrígez S. R.L. de C.V.,Carolina Rolón,1-763-097-7398,elviraolmos@amador.org
1556,Santacruz y Melgar S.A. de C.V.,Andrés Loya Ledesma,072.962.9010,tgodoy@laboratorios.com
1557,Club Sierra-Covarrubias,Florencia Olvera Granados,+59(4)1567117753,rde-anda@uribe-bustamante.org
1558,Aragón y Santillán e Hijos,Gabriela Aguilar,553.805.3659x726,reinanevarez@rendon.com
1559,Borrego-Espinal y Asociados,Lucas Zelaya Pelayo,1-212-815-6838x702,vsoliz@club.com
1560,Lomeli-Vela,Jacinto Benito Garica Rojas,07306390858,armandopantoja@laboratorios.net
1561,Piña-Quintero,Federico René Ortega Pizarro,1-606-775-5957,aldonzalopez@acosta-matos.info
1562,Cedillo y Moreno A.C.,Sr. Ernesto Méndez,1-898-810-8558x72357,arcelia72@soto.com
1563,"Despacho Alemán, Llamas y Briones",Ana María Robles Madrigal,1-316-608-1611x5566,godoysonia@despacho.com
1564,Arguello y Asociados,Ing. Rodolfo Madera,+89(2)2706990649,rosa35@montero.com
1565,"Galarza, Valenzuela y Gamboa",Florencia Mariana Cintrón,(455)817-0833,cristobal42@corporacin.org
1566,Arevalo e Hijos,Gregorio Munguía Galarza,1-804-886-7251x4096,quezadacamilo@gaitan.com
1567,Otero-Palomo,Noemí Candelaria,038.469.1281,carlos16@corporacin.com
1568,Quiñones-Gómez A.C.,Jos Francisco Pérez Cardenas,769-876-2295,tviera@lemus.net
1569,Valle e Hijos,Rocío Razo,07331571604,carlaborrego@proyectos.biz
1570,Arce-Jaimes S.A. de C.V.,José Luis Esteban Posada,458-296-9454,velagabino@laboratorios.com
1571,"Industrias Santillán, Rubio y Porras",Agustín Tomás Esparza Trujillo,1-739-652-4276,ruelasruben@marquez-quesada.com
1572,"Despacho de la Rosa, Puga y Castañeda",José Espino,(255)561-8326,ernestofranco@despacho.com
1573,Laboy-Centeno y Asociados,Carmen Rosales Mojica,+56(8)8084820727,coronacecilia@grupo.com
1574,Club Tamayo y Cantú,Eduardo Palomo,273.326.2776x746,judith81@proyectos.info
1575,"Industrias Corona, Velasco y Longoria",Dr. Arturo Ferrer,(757)266-8490x536,pquinones@proyectos.com
1576,Osorio-Castañeda,Carlos Roybal,1-905-340-3883x331,violeta18@cantu.biz
1577,"Industrias Alba, Cotto y Haro",Carla Nancy Baeza,09388953115,wendolin39@tovar.info
1578,Corporacin Briseño y Matías,Sra. Alejandra Ocasio,(086)236-5046x026,hugomarquez@urias.com
1579,Cantú-Urbina e Hijos,Marco Antonio Bruno Guevara Miranda,+62(1)0840157997,ortegahector@archuleta-valle.org
1580,Moreno y Enríquez y Asociados,Mónica Karla Peralta,083.681.6821,benito73@estevez.info
1581,León-Fajardo,Sra. Dalia Alarcón,200.562.6070x2474,teresa79@despacho.info
1582,Industrias Carvajal y Menéndez,Elias Teodoro Franco Delgadillo,972-540-1493,irene54@laboratorios.net
1583,"Márquez, Muro y Zapata",Lic. Ricardo Ávila,+79(2)4636698375,sessa50@proyectos.net
1584,Muro y Arellano A.C.,María del Carmen Alma Verdugo Ayala,317.211.3598x04333,noriegayolanda@vera.com
1585,Arriaga-Botello,Lic. Aldo Bustamante,335.206.2260x9316,gregorio66@grupo.com
1586,"Despacho Ulloa, Cortés y Espinal",Abelardo Antonio Roldán,07199457405,zayasvioleta@anaya-urrutia.org
1587,Adame y Asociados,Lilia Quintana Gonzales,526-359-5176x35241,taniaamaya@laboratorios.biz
1588,Calvillo y Ayala S.C.,Helena Lorena Alonzo,(492)357-7741,monica05@briones.com
1589,Grupo Saldivar-Salcido,Citlali Orta Casas,1-878-989-1683,romerofidel@carrera-caban.com
1590,Laboratorios Irizarry-Carrillo,Humberto Pascual Marrero Nava,(673)137-1741,parraconcepcion@marin-matias.com
1591,Rolón-Adame S.A.,Sr. Cornelio Bustamante,617.061.3011x273,espartacosolorio@renteria-curiel.com
1592,Corporacin Rodrígez y Villagómez,Isabel Lorena Huerta,+01(9)1542607824,casillasdolores@grupo.com
1593,Hernandes-Rojas,Florencia Ortiz Pulido,482-230-6421,pichardokarina@club.org
1594,Calvillo-Mireles S. R.L. de C.V.,Genaro Homero Pichardo Ornelas,1-217-464-5331,ljiminez@aguirre-posada.com
1595,"Despacho Caldera, Gallardo y Rolón",Francisco Javier Humberto Pizarro,310.789.0786x95760,valdeslorena@despacho.com
1596,"Laboratorios Limón, Sáenz y Malave",Elvia Elsa Jaramillo Garica,973.697.0168,jacinto53@roybal-maya.com
1597,"Despacho Valle, Gallegos y Rojo",Benito Carrillo Sisneros,1-968-974-0952,menchacaursula@apodaca-zamudio.info
1598,Industrias Barreto-Tamez,Lic. Elias Orellana,806-399-2416x119,rene06@laboratorios.org
1599,Segovia S. R.L. de C.V.,Julio César Sandoval Ferrer,01217959282,luis-miguelguardado@escalante-mendoza.biz
1600,Samaniego y Chapa S.A. de C.V.,Fidel Solano Montañez,(162)714-1342x773,lorenzomata@gonzales.com
1601,Proyectos Campos-Mares,Adalberto Uriel Hernádez Escalante,+79(3)7415871994,ana-luisaarteaga@valverde-chacon.com
1602,Proyectos Acevedo y Velasco,Isabel Trujillo Salazar,993.642.7379x572,liliacamacho@becerra.com
1603,Grijalva-Mayorga,Camilo Arturo Grijalva,301-075-3502x46948,fernando23@proyectos.com
1604,Despacho Valdez-Roybal,Ramón Medina,1-709-439-1370x85878,hermelindade-la-o@garza-carrasco.biz
1605,Grupo Núñez-Ayala,Abril Ybarra,1-715-193-1784,ofelia88@industrias.info
1606,"Laboratorios Quezada, Godoy y Tórrez",Bernardo Francisco Javier Frías,1-049-462-4554x077,alejandroadriana@corporacin.net
1607,Proyectos Flores-Jaime,Zoé Campos,(180)829-3850x28477,anaserrato@moreno.com
1608,Polanco-Lozano A.C.,Elsa Gálvez Aponte,1-066-670-6331x191,gcaban@miranda-garay.org
1609,Club Flórez y Carrera,Gonzalo Báez,779.170.3793,pedrozaevelio@despacho.com
1610,Despacho Romero-Colón,Julio César Espartaco Jimínez,1-424-684-7325x506,gustavo99@meza.com
1611,"Quintana, Casares y Ceballos",Mauricio Covarrubias Aragón,578.903.5508x1996,rodrigo56@ramon-tijerina.com
1612,Irizarry y Lozano S.A.,Jacobo Hurtado Baca,515-567-4092x01675,arturoalva@garrido-hinojosa.com
1613,"Proyectos Aponte, Montes y Tijerina",Julio Roque Almaraz,1-144-654-8400x0040,loyadaniela@proyectos.biz
1614,Corporacin Tello y Quintana,Claudia Muro Palomo,+48(9)9246625760,espinozalucia@rodrigez.com
1615,Burgos-Sarabia,Enrique Carlos Olivo,250.815.9590,oliver15@quinones.com
1616,Hidalgo y Batista e Hijos,Úrsula Esther Rosales,631.032.3197x670,ariadnamaldonado@camarillo.com
1617,"Corporacin Ojeda, Villaseñor y Perea",Ing. Patricio Zepeda,(441)832-8113,rcavazos@proyectos.org
1618,Meléndez y Velasco A.C.,Ing. Raúl Velásquez,(009)465-8463,sofialongoria@valencia.info
1619,Club Osorio y Romero,Esparta Olga Rodrígez,1-780-534-2519,terrazaseugenia@pina-castro.net
1620,Malave y Quintanilla S.C.,Lucía Lorena Pabón Báez,1-919-193-5264x25993,rangelelvia@alejandro.com
1621,"Ramos, Matos y Velasco",Alberto Zeferino Noriega,639-670-4477x71405,drocha@corporacin.com
1622,Lerma-Hidalgo S. R.L. de C.V.,Sr. Wilfrido Tijerina,1-752-563-7448,antonia55@orellana.com
1623,Jurado-Enríquez A.C.,Aldonza Vallejo Mondragón,1-072-772-8276,yolanda88@balderas.com
1624,Laboratorios Polanco-Padrón,Genaro Parra Piña,802.764.4829x4350,rosarioolivia@candelaria.com
1625,Saldivar y Robles e Hijos,Esparta Chávez,716-491-9163,vverdugo@rodriguez.com
1626,Zepeda-del Valle S.A. de C.V.,Bruno Oquendo Zelaya,05697807982,carlosromo@alonso.com
1627,Grupo Manzanares y Venegas,David Frías Rosado,(326)924-9418,bustamantecaridad@carvajal-carvajal.com
1628,"Club Irizarry, Arenas y Gutiérrez",Carlos Reynaldo Cortés,(791)465-9511x2033,nazarioolivia@preciado.com
1629,Grupo Vela-López,Rodrigo Franco,754.288.4637x73485,guerreroadan@proyectos.com
1630,Rendón-Velásquez,Augusto Pacheco,(505)532-6799,rodrigomagana@laboratorios.biz
1631,Saavedra y Villalpando S.A.,Sonia Soto,1-491-286-7287x7478,dbotello@despacho.org
1632,"Olivárez, Martínez y Elizondo",Sr. Jaime Ruelas,180.204.0410,kcanales@cervantes-yanez.com
1633,Proyectos Guzmán y Reyes,Espartaco Pichardo Nava,1-814-963-5501x935,cristianbetancourt@carrera.com
1634,"Corporacin Ortiz, Quintero y Garza",Francisco Octavio Báez,1-017-493-1756x07302,raelmarco-antonio@gallardo.org
1635,Armendáriz y Botello y Asociados,Bruno Longoria Valles,(621)892-2400,nbernal@mesa.biz
1636,"Avilés, de la Torre y Marroquín",Héctor Gerónimo Mondragón,(047)118-0045x0153,carreonmicaela@palomo-baeza.com
1637,Palomino y Zapata y Asociados,Hernán Saldaña,966.054.8562x575,laboyjonas@corporacin.com
1638,"Villanueva, Irizarry y Sanches",Beatriz Marisela Miranda,182-771-1488,olivascesar@valadez-alonso.org
1639,Menéndez y Moreno S.C.,Rodrigo de la Rosa Padilla,865.044.4144x294,cristalsalcido@tamayo.com
1640,Armas-Barragán S.A. de C.V.,Gabino Mario Sepúlveda,(626)849-7042x41698,lozanoisaac@rael.net
1641,Quiñones-Alarcón,Marco Antonio Téllez Bernal,365-972-3976,rcantu@marroquin.com
1642,Botello y Medrano A.C.,Oswaldo Preciado Alcaraz,07518007784,judithlimon@naranjo-reyes.com
1643,"Rosas, Rosario y Armenta",Lourdes Mariana Ceja,1-192-283-4914x30921,jaime72@rubio-tellez.com
1644,"Rivas, León y Ayala",Teresa Velázquez,02059944769,bustamantejose@corporacin.com
1645,Club Caldera y Alcaraz,Natalia Arellano,570-162-0637,gastelumberta@mora-caraballo.com
1646,"Quezada, Ochoa y Bermúdez",Virginia Lilia Coronado,1-658-636-0253x6873,corneliocordero@corporacin.com
1647,Ontiveros S. R.L. de C.V.,Sr. Vicente Quiñones,(738)718-3410x0066,margarita48@grupo.com
1648,"Club Bañuelos, Garza y Marroquín",Abigail Wendolin Tejeda,706.493.7590x4479,mascarenasmaria-luisa@despacho.com
1649,Club Tamayo-Velázquez,Eloy Reséndez Pizarro,513-005-0198,irma54@fuentes.com
1650,"Grupo Rubio, Maldonado y Alva",Celia Mercedes de Anda,507-255-3205x2851,beatriz01@corporacin.info
1651,Caballero-Quezada,Mercedes Rojo,(505)139-1841x80514,cavazosalonso@salcedo.com
1652,"Laboratorios Niño, Barreto y Meraz",Pamela Raquel Galindo,1-276-926-8994,ggastelum@fierro.com
1653,Domínguez-Figueroa S. R.L. de C.V.,José María Ávalos Navarro,(360)712-4137x394,chapasoledad@tello-barrios.com
1654,"Ordóñez, Véliz y Loera",Marcos Luevano,1-653-145-9456,nazarioantonio@cardona-lozada.com
1655,Tejeda-Ramos,Lic. Pamela Roque,(330)230-4233x388,fernandovargas@acuna.com
1656,Club Alemán-Holguín,Alberto Marín Guillen,(666)847-0726x0275,msantillan@polanco.net
1657,Munguía S.A.,Dalia Mónica Baeza Vaca,233-097-0199x8247,oarteaga@najera.biz
1658,Despacho Acosta-Valladares,Soledad Pedraza,1-678-281-6896,alcarazcamila@santana.com
1659,Villalobos y Arreola S.A. de C.V.,José Luis Enrique Tovar Jáquez,580-681-7922x419,czedillo@gamboa.com
1660,Tamez S.A.,Sr. Wilfrido Treviño,448.789.0483,pedropena@tirado-ocasio.info
1661,Club Balderas-Elizondo,Flavio Armando Santana,1-066-640-5997x43087,galarzaesperanza@laboratorios.info
1662,Castro-Peralta,Mónica Salgado,+41(5)5781373142,romowendolin@oquendo-chapa.info
1663,"Laboratorios Hernádez, Gurule y Estrada",Pablo Ricardo Covarrubias,1-305-976-6208x407,concepcion40@mercado-quintanilla.info
1664,"Club Olvera, Chávez y Carrión",Lic. Victoria Ruelas,565-255-4245x8667,paulinadominguez@rivas.com
1665,"Rodríquez, Juárez y Armas",Sonia Aldonza Camacho,1-413-827-3868,nicolascervantez@proyectos.net
1666,"Chavarría, Correa y Muñiz",Lic. Pascual Pérez,(966)103-5657,socorro80@grupo.org
1667,Club Concepción-Rosales,Zeferino Navarrete,+60(0)1266460961,pamela09@aguayo-arreola.org
1668,Posada-Orosco,Sonia Villaseñor Medrano,(543)001-7846,trinidadsalas@proyectos.com
1669,Corporacin Urbina-Vásquez,María Cristina Fajardo,+73(2)1665691070,hbarraza@caban.com
1670,Contreras S.A. de C.V.,Agustín Palomo Jimínez,(276)434-9465,eloisamoya@maya.com
1671,Salas y Irizarry A.C.,Luis Adalberto Cortez,595-388-7559x8759,clementehurtado@montanez-medrano.com
1672,Proyectos Gil-Arroyo,Leonel Hernán Godoy,+32(9)7744433294,eva86@leyva.info
1673,Ceballos y Iglesias e Hijos,Yuridia Esther Rosales,834-190-6710,ybarraminerva@valdivia.com
1674,Industrias Vargas-Gutiérrez,Juan Gregorio Ceja,02826585970,rufinosevilla@abreu-monroy.com
1675,Valle y Vega S. R.L. de C.V.,José Eduardo Raúl Ibarra,456.512.3434,cesar70@pedroza.com
1676,Grijalva-Villareal,Reina Loya Griego,1-784-590-7312,diegocampos@echeverria-orozco.com
1677,Despacho Segura-Berríos,Esparta Iglesias Saldivar,(893)770-7050x7095,padillagregorio@gamboa.biz
1678,Corporacin Fierro-Cedillo,Hilda Margarita Corral,+79(8)0470789379,qsaldana@curiel-espino.org
1679,"Esquivel, Ordóñez y Valles",Rafaél Isaac Nájera,419-838-5792,claudiacontreras@campos.com
1680,Mata-Zavala,Dra. Clara Rosario,(787)155-3331,xvela@despacho.info
1681,Olivera-Barela S. R.L. de C.V.,Ariadna María del Carmen Ojeda,021.000.2786,victoria99@solorio-rivera.com
1682,Casárez-Castillo S.A. de C.V.,Porfirio Avilés,631-905-3769x32879,itzelllamas@escobar.net
1683,Mateo y Esquivel A.C.,Jos Emiliano Hurtado,1-872-075-7931,tania44@proyectos.biz
1684,"Corporacin Velasco, Olivo y del Valle",Dr. Rodolfo Ledesma,+92(7)7157368507,mayorgayuridia@toro-cortes.com
1685,Casanova-Angulo,Benjamín Tapia,(720)759-1445x661,upadron@ocampo.com
1686,Jimínez S.A.,Sr. Aurelio Abreu,(655)764-7566,fabiola32@rosado.com
1687,Acevedo-Prieto S. R.L. de C.V.,Rocío Alonso Coronado,309.462.1470,ycalvillo@garay-rios.com
1688,Figueroa-Lucio S.A.,Perla Abrego,816.293.0961x507,arteagaelsa@casas.com
1689,Club Rico y Baeza,Olivia Bahena Jiménez,01797796319,daniela70@arriaga.com
1690,"Barrientos, Córdova y Cornejo",Lic. Dulce María Almanza,788-477-9888x2437,rocio68@terrazas.info
1691,"Industrias Escobar, González y Alcala",Rufino Quiñónez Barragán,1-475-950-1336,ucoronado@barraza-menchaca.biz
1692,Solorio y Barraza S.A. de C.V.,René Crespo Téllez,(464)913-7165,vanegasrodrigo@laboratorios.com
1693,"Gracia, Rodarte y Tijerina",Francisco Javier Clemente Barajas,181.369.0047,maestaselsa@corporacin.com
1694,Méndez-Calvillo,Srita. Rocío Herrera,789-119-2689,alonsorosa@arteaga.com
1695,"Corporacin Blanco, Portillo y Polanco",Ariadna Aurora Romero,1-294-206-7080x585,rolandoalba@industrias.com
1696,del Valle y Linares A.C.,Gabriel Bahena Fajardo,05186175989,xdominguez@laboratorios.info
1697,"Jaime, Camarillo y Jimínez",Dra. Mayte Galarza,(519)901-0263,ramoncervantes@club.com
1698,Vélez-Malave y Asociados,Manuel Patricio de León Gollum,554.344.8213x8011,sonia57@zarate.com
1699,Gaitán-Trejo,Ivonne Guzmán Cortez,1-750-839-7317,joaquin52@grupo.com
1700,Despacho Flores-Varela,María Teresa Velásquez Preciado,1-628-073-3500,shuerta@melgar-solorzano.com
1701,Industrias Loya-Arguello,Teresa Natalia Crespo Solano,255-872-9370x625,ygamboa@soria.com
1702,Tijerina-Cepeda y Asociados,Luis Miguel David Fierro Borrego,(750)115-3270x341,esperanza75@tovar.com
1703,Burgos y Granado S.C.,Lic. Nancy Rodríquez,+80(5)3828981223,cmenendez@esquivel-ruiz.biz
1704,"Proyectos Lomeli, Mercado y Carrera",Zeferino Jerónimo Olivera Correa,(208)346-4429,ncasas@ramos.net
1705,"Armendáriz, Preciado y Vargas",Srita. Raquel Zamudio,510-683-8292,olivarezhumberto@alejandro.info
1706,Saldivar-Caraballo y Asociados,Germán Pérez Espino,056-956-2509x69412,adelade-la-garza@ulibarri.net
1707,"Angulo, Sosa y Barrientos",Abel Maximiliano Camacho,(923)603-6808,mariana84@proyectos.com
1708,Farías-Delgadillo,Yeni Wendolin Saldaña,638.319.1804x384,bernabevillareal@vargas.biz
1709,"Grupo Carvajal, Vaca y Casas",Alma Barraza,747-291-3112x6597,carolina03@ceja.com
1710,Cepeda-Becerra,Mónica Berta Ramos Alfaro,(232)758-8811,paulina20@gamez.com
1711,"Montañez, Cedillo y Rendón",Leonardo Benjamín Uribe Valverde,00953100179,aidabarela@club.com
1712,Benavídez S.A.,Alma Conchita Anguiano Valles,819-401-4696x13607,fcollazo@despacho.com
1713,Puente e Hijos,Jos Girón,350.162.6251,marreromitzy@club.com
1714,Benavídez-Mireles A.C.,Francisco Castillo,+96(7)3092407413,mayte66@griego-granado.com
1715,Proyectos Olivo y Garza,Isabela Rosales,339-195-8000,felix62@saavedra.com
1716,"Club Solano, Guajardo y Casas",Lic. José Eduardo Adame,+39(4)5584642018,zamoraalfredo@grupo.com
1717,"Montero, Cantú y Zapata",Nayeli Zayas,+60(9)1750751926,orojas@alonso-leon.com
1718,"Crespo, Colunga y Serrato",Dr. Tomás Prado,688.720.2048,bblanco@club.com
1719,Ocampo y Lucero A.C.,Ing. David Rodarte,09745314595,aldo80@colunga.org
1720,Polanco e Hijos,Dra. Georgina Rodrígez,1-564-272-9436,archuletapaulina@valles.com
1721,"Corporacin Báez, Solorio y Carrión",Lic. Isaac Quintanilla,+23(6)0741706022,jonas55@laboratorios.com
1722,Rascón-Pérez,Esteban Ricardo Amaya Velásquez,417.540.1637,montoyamaria-eugenia@industrias.info
1723,Industrias Flores y Galarza,Ing. Rosa Candelaria,+82(9)6561206464,yrosado@club.com
1724,Arreola-Vaca S.A. de C.V.,Ana Luisa Bernal Malave,999.257.0992,acasares@industrias.com
1725,"Grupo Tafoya, Corral y Medrano",Carmen Alba Gurule,(865)918-1980,jose-manuel83@mireles.com
1726,"Sáenz, Gaona y Alejandro",Elena Avilés,884.016.7769,cristobalverdugo@alfaro-mendez.com
1727,Campos y Véliz S.C.,Tomás Moreno Rubio,(454)069-1438,epuente@industrias.com
1728,Nieves-Pedraza S.C.,Rebeca Graciela Zamudio,1-929-626-3273x243,marias@vasquez-arevalo.com
1729,"Palomino, Mayorga y Cardona",Sr. Gabriel Manzanares,1-076-832-9876,pradoarmando@briseno-vergara.info
1730,Crespo e Hijos,Dr. Genaro Porras,374.373.8013x18434,escobedoana-maria@casares.net
1731,Club Castellanos-Barragán,Hugo Miguel Olivárez,(073)478-7354,leonaida@perales-magana.com
1732,Calvillo-Ortiz,Nadia Mena,1-266-370-0889x4383,castellanosteodoro@rojo-sarabia.com
1733,"Niño, Prieto y Alarcón",Mónica Arreola,(418)902-4462x88261,qflorez@aponte.com
1734,"Ferrer, Berríos y Iglesias",Srita. Vanesa Cabán,137-229-3804x5030,rodolfovanegas@blanco-padilla.com
1735,Paz y Herrera S. R.L. de C.V.,Octavio Federico Valentín Palomo,(133)722-7818x1553,asuncionsantacruz@despacho.com
1736,"Ruiz, Barajas y Pantoja",Gerardo Guevara Santacruz,(178)760-2874,rodriquezjaime@henriquez.com
1737,Mireles e Hijos,Gerónimo Villagómez Bueno,(781)288-3793x985,claudiovaladez@proyectos.net
1738,Lara-Pizarro,Dra. Emilia Villaseñor,1-369-823-2072,karina61@molina-preciado.com
1739,Despacho Ordóñez y Samaniego,Alicia Barragán,(946)701-4128x04471,augustovalenzuela@proyectos.com
1740,Maldonado y Santacruz S.A. de C.V.,Cristina Dolores Rangel,(861)732-7760x6395,grijalvacristina@polanco.info
1741,"Despacho Paz, Villaseñor y Ulibarri",Dr. Luis Manuel Palacios,1-337-561-8453x57777,marisol29@corporacin.com
1742,Club Lovato y Marrero,Norma de la Crúz,1-960-424-4502,catalina70@despacho.com
1743,Villagómez-Vaca S. R.L. de C.V.,Leonardo Carlos Acosta,763.294.0380,marco-antonio74@cortez-quesada.org
1744,Sepúlveda e Hijos,Guadalupe Guadalupe Casárez,+86(1)9970783931,gonzalomaestas@de.info
1745,Villalobos-López S.A.,Amalia Barraza Páez,755.574.8632,albavirginia@acosta.com
1746,Mascareñas-Roque S.A.,Yolanda Limón,00960066161,julio17@palomino.com
1747,"Laboratorios Noriega, Ocampo y Zaragoza",Violeta Paulina Bustos Segovia,04336975755,celia06@corporacin.com
1748,Esquivel-Gracia y Asociados,Natividad Cotto,499-696-6081x87588,lomeliflavio@laboratorios.com
1749,"Industrias Rael, Hurtado y Merino",Darío Julio Casárez,1-379-022-9309x4431,enriquefajardo@proyectos.org
1750,Arevalo S.C.,Jorge Leonel Ontiveros Valdés,230.636.5783x715,avilarufino@gracia-ozuna.info
1751,Rosas y Ojeda S.C.,Dra. Pamela Ferrer,224.967.3719x67557,centenoangel@corporacin.net
1752,"Corporacin Figueroa, Valencia y Tafoya",José María Sergio Ramón Páez,1-413-667-4886x8996,solanohermelinda@gomez.com
1753,Tirado-Grijalva,Paola Arellano Lira,044.474.2707x2544,israel78@barela.com
1754,"Club Dávila, Ulloa y Roldán",Sr. Mauro Matías,09391460378,mariselaangulo@corporacin.org
1755,Almaraz-Valencia,Nadia Saldaña Rosado,1-075-013-9939x256,sromo@proyectos.info
1756,Barrera y Solano S.C.,Lucas Lucas Quiñónez Suárez,(163)386-3813x032,tceballos@madrigal.biz
1757,"Navarro, Lebrón y Valverde",Margarita Alicia Marroquín Garza,443-495-4121x762,toledotania@bermudez.com
1758,Corporacin Sarabia y Dávila,Adela Alva,(920)536-5045x68696,arellanoeloy@grupo.com
1759,Proyectos Macías-Alcaraz,Sr. Jacobo Reyes,1-842-768-6127,vvasquez@proyectos.com
1760,Pulido-Márquez S.A.,Bernabé Ureña Jasso,576-616-2950,elerma@gallardo.net
1761,"Despacho Ruiz, Guillen y Dueñas",Ivonne Carlota Galindo,655-461-2038,dalia72@hurtado.com
1762,Laboratorios Segovia-Zarate,Isaac Fernando Merino,1-542-562-8607,guzmanjudith@laboratorios.com
1763,"Proyectos Armas, Rivas y Laboy",Sra. Martha Mateo,+58(2)4055465120,qaltamirano@cardona.org
1764,Gamez y Quiñónez S.A.,Elvia Abreu Gómez,05846439442,mayorgapedro@ballesteros.com
1765,Despacho Velasco y Mota,Modesto Valencia Salgado,053.900.3432,carolinacollado@menendez.com
1766,Montemayor-Olivas y Asociados,Patricio Israel Zepeda Salinas,657.833.9399,luis-manuel10@betancourt-tirado.net
1767,Rael-Trujillo S.C.,Cristina Tamayo,+95(7)2839783018,onajera@club.com
1768,"Cotto, Maya y Ocasio",Abigail Diana Cortez Ramos,08875875098,centenoarmando@mondragon.com
1769,"Vigil, Arreola y Ríos",Dr. Santiago Alonso,648-477-3920x24440,ogracia@vela-roybal.com
1770,Casárez A.C.,Andrés Federico Otero Sáenz,(916)942-6166,elaureano@anaya-saenz.org
1771,Corporacin Elizondo y Quintero,Linda Navarro Cervántez,1-083-130-0161x83215,mercedesarredondo@salcedo.com
1772,"Ocasio, Jasso y Gaitán",Roberto Ocasio Alva,(283)167-2324,rhernadez@carrillo.com
1773,"Ballesteros, Posada y Rentería",Óscar Rendón,892-141-8100x7290,graciela98@cantu.com
1774,Ballesteros y Montaño y Asociados,Estela María Elena Porras,585.757.9033x67594,fzavala@vergara.org
1775,Laboratorios Rosas y Tafoya,Lic. Jacobo Curiel,1-080-453-3430,perla82@rivas.com
1776,Alva S.A.,María Elena Irene Miranda,753-964-1638,anablanco@rodriguez-cisneros.com
1777,Espinoza y Asociados,Mayte Dávila Burgos,263.308.0480x886,carbajaljoaquin@sandoval-alonso.com
1778,Despacho Otero y Matos,María Teresa Camila Caballero Camarillo,716-810-9817,oportillo@cazares-briones.com
1779,"Roybal, Ferrer y Razo",Arturo Adalberto Razo,+68(6)8646414735,elena89@espinosa-robledo.com
1780,de León-Matías S.C.,Juana Nancy Verduzco Vargas,773-951-6603x23701,zoe09@banuelos-quinonez.com
1781,Calderón-Olivares e Hijos,David Garica,+47(7)2596115953,juanalovato@orozco-castillo.org
1782,Puente S.A.,Mercedes Brito,1-660-309-8051,ramonfeliciano@proyectos.com
1783,Puga-Suárez A.C.,Marisol Quintero,347.244.1676x2187,oliver09@lira.com
1784,Grupo Ornelas y Suárez,Israel Solorzano,092.951.6289x084,raul82@cintron.com
1785,Despacho Escobar y Miranda,Ariadna Cedillo,(876)634-0419x74476,jose-emilio24@pacheco.com
1786,"Villarreal, Domínguez y Barrera",Ivonne Anel Riojas Cano,528.454.7050,morenoesmeralda@laboratorios.info
1787,"Perea, Marrero y Téllez",Minerva Frida Carrero Gastélum,(312)760-7833x5948,sessacavazos@corporacin.net
1788,Ontiveros-Alejandro,José Emilio Guzmán,(176)546-1411,apodacateresa@loya-rios.com
1789,de la O-Velázquez,Silvia Gollum,1-844-801-2771,espartasaiz@medina-olmos.net
1790,Esquivel-Zarate A.C.,Sra. Trinidad Raya,(479)408-0308,joaquinvalles@padron.com
1791,"Melgar, Valadez y Lucero",Elias Vallejo Guevara,1-645-265-8728x023,amaya@club.net
1792,Nava S. R.L. de C.V.,Aldonza Casárez,880-030-0537x8286,ycruz@despacho.info
1793,Ballesteros-Torres,Manuel Salvador de la Rosa,(397)662-1541,daniel98@ramirez.com
1794,Cervantes y de la Crúz y Asociados,Dra. Cecilia Valdivia,(358)349-2638x987,raquel55@aviles-cisneros.com
1795,Corporacin Naranjo y Sosa,Irene Reséndez,834-638-9161,montezadriana@navarrete.com
1796,"Briseño, Jurado y Vigil",Sra. Teresa Luevano,06795202798,laureanoalicia@industrias.org
1797,Rojas-Cuellar,Eugenia Miranda,487-494-0092x6288,vmontemayor@salcido.com
1798,Badillo S. R.L. de C.V.,José Carlos Reyes Alonso,09743575292,ana-maria56@trujillo.biz
1799,Abreu A.C.,Verónica Valenzuela Carranza,362-424-9470,cervantezana-maria@vazquez-arenas.biz
1800,Chávez y Manzanares e Hijos,Lic. Alvaro Murillo,724.877.4763x083,esmeralda28@cabrera.com
1801,Perales S.A.,Lic. Iván Blanco,042-022-3059x7573,elsavaca@industrias.com
1802,Murillo y Munguía S.A. de C.V.,Jesús Pedro Pedraza Valdés,1-685-066-4878,ursulapacheco@proyectos.com
1803,Ávalos A.C.,Jorge José Ibarra Palacios,453-347-9852x94844,saguayo@marquez-nieto.com
1804,Olmos-Galindo y Asociados,Óliver Arevalo,(951)181-9613x875,alejandra94@grupo.com
1805,Grupo Coronado y Lomeli,Víctor Víctor Rincón,1-118-016-7743x604,villasenorlilia@zayas-correa.com
1806,"Grupo Pelayo, Vela y Juárez",Esmeralda Raquel Flórez Malave,688.938.6161x877,umaldonado@soria-badillo.com
1807,Despacho Pedroza y Matías,Armando Mateo Valle Arce,053-126-0557x40284,rocio58@pina.com
1808,de la Rosa-Pelayo,Arcelia Gaytán,+78(3)7318359412,ramiromenchaca@grupo.net
1809,Durán S.A. de C.V.,Guadalupe Sanabria Bernal,06274351492,ifernandez@baca.com
1810,Hidalgo y Aponte S.A.,Ángela Armendáriz,076-344-3346x026,oscarnavarro@ledesma.com
1811,Archuleta y de la Torre S.A. de C.V.,Bernardo José Eduardo Bueno Jiménez,(351)723-6850x44852,oavalos@proyectos.com
1812,Corrales y de la Garza S.A. de C.V.,Jaime Murillo Granado,+61(1)3900458927,sandra23@despacho.com
1813,"Valenzuela, Garza y Gaona",Itzel Muñiz Padilla,859.818.2843,hluevano@venegas.com
1814,Murillo-Sáenz e Hijos,Felipe Sosa,+79(2)6609404475,candelariaeugenia@alejandro-merino.biz
1815,Medrano-Sevilla S. R.L. de C.V.,Sra. Sessa Otero,1-869-722-3242,hernadezoctavio@ballesteros.com
1816,Vela-Cantú,Marco Antonio Valle Rodarte,03635911420,maria-elenaotero@cepeda-colon.com
1817,Industrias Patiño-Casárez,Sr. Cristobal Loera,1-422-492-2430,miguelceja@alejandro.com
1818,Grupo Ramos y Soto,Srita. Natividad Cruz,350-979-1353,pamelamedrano@carrion.com
1819,"Laboratorios Solano, Laureano y Pantoja",Josefina Fabiola Badillo Terrazas,779.536.1408x3070,oroscooscar@club.info
1820,Despacho Mesa y Piña,Zoé Citlali Pérez Barrientos,362.924.5989x777,maria-cristinaecheverria@grupo.com
1821,"de la Crúz, Villegas y Crespo",Esteban Emiliano Tamayo Garica,1-813-852-2359,olmoshumberto@amaya.com
1822,Caldera S.A. de C.V.,Sr. Enrique Márquez,1-229-245-6708,miriamgaytan@aragon-lemus.com
1823,Grupo Rico y Leiva,José Federico Monroy,(338)789-5919x0530,ana87@vasquez-montano.net
1824,Corporacin Romero-Ceballos,Espartaco Espino,+07(0)8618694846,dlinares@de.net
1825,Laboratorios Navarro y Olivares,Amalia Valadez Olivárez,1-227-025-2541x1055,pdominguez@despacho.info
1826,"Sarabia, Alvarez y Vargas",Sr. Jacobo Varela,470-336-4245x320,rmaya@grupo.com
1827,Corporacin Bahena y Franco,Anel Inés Córdova Jáquez,1-109-156-8309,oliver12@corporacin.com
1828,Lerma y Quezada S. R.L. de C.V.,Ana María Luisa Quezada Olivárez,(428)630-7078,arenasdario@cardona.com
1829,"Industrias Aguirre, Nieto y Orosco",Dra. Camila Cantú,08749004491,banuelosemilia@laboratorios.com
1830,Despacho Limón-Varela,Srita. Aida Pedroza,(041)210-7043,anayaandrea@aguirre-gamboa.com
1831,Ulloa y Mateo A.C.,Liliana Adriana Posada,1-514-148-3515x609,gerardo42@rojo.com
1832,Monroy-Godínez,Julia Carrero,05111627143,raquel34@aranda-orozco.com
1833,"Melgar, Alarcón y Hernández",Cristina Guadalupe Montero Galván,00737122072,antonio84@diaz-macias.net
1834,"Aragón, Porras y Villaseñor",Jaime Gabino Gollum Pantoja,+10(9)9931914009,de-andarosa@carranza.com
1835,Malave y Bermúdez S.A. de C.V.,Dra. Rosalia Cornejo,434.502.6642,iguerra@yanez.com
1836,Botello-Archuleta,Andrea de la Torre Valles,272-430-6777x98367,esarabia@salcido.net
1837,Corporacin Ayala-Santacruz,Srita. Salma Muñoz,03315792082,elsaolmos@ontiveros-davila.com
1838,Ramírez-Corona,Dra. Berta Cintrón,608-696-1108x403,vanegasjose-eduardo@ornelas.biz
1839,Tafoya S.C.,Felix Gamez,1-950-666-7605x5080,mojicabernardo@ulibarri.com
1840,"Escobar, Muro y Arriaga",Lic. Alta  Gracia Montoya,644.199.4124,deliabarraza@arriaga.com
1841,Quiñónez S.C.,Santiago Clemente Santana,04983678490,gustavocaban@quintero.com
1842,Romo-Puga,Hilda Jaqueline Altamirano Arevalo,375-315-7522,camilo83@aranda.com
1843,Club Saldivar y Lovato,Lourdes Quintanilla,675.351.5347,lorenzo92@abreu.com
1844,Reynoso S. R.L. de C.V.,Alberto Franco Salcedo,(101)032-0823x4160,velazquezfrida@saenz-solis.com
1845,Pacheco-Ozuna,Rubén Adán Samaniego,444-904-3946x162,jonasrobledo@centeno.com
1846,Jiménez-Archuleta S.A.,Aida Cristal Solorzano,465-592-1895x68864,juan-carlosvigil@laureano.org
1847,Tejada-Arias,Gabriel Reynaldo Lozano Valadez,1-614-443-3736x090,emilia53@zavala.biz
1848,Despacho Tafoya y Gamez,Dr. Salvador Alemán,+24(9)2785234615,crespofrancisco-javier@salazar.net
1849,"Armendáriz, Bueno y Almonte",Lourdes Guadalupe Santiago,782.425.6582x9385,sessa04@laboratorios.org
1850,"Esquibel, Soto y Farías",Lic. Julio Zavala,+81(4)4986029653,maria-teresagarica@montanez-ferrer.com
1851,Alfaro y Robledo S. R.L. de C.V.,Wilfrido Alfredo Lovato,1-878-601-5083x34512,oliviaheredia@laboy-brito.com
1852,Proyectos Salgado y Valencia,Barbara Maestas,742-507-4382x03950,quinterojulia@ramon.com
1853,Aragón y Asociados,Cynthia Matos Roybal,603-673-3614x24741,esteban63@industrias.biz
1854,Laureano-Sauceda,Guillermo Gerardo Peña Madera,(517)827-5773x0614,fanguiano@herrera.biz
1855,"Despacho Balderas, Ballesteros y Villalobos",Jerónimo Luis Segura Fierro,(596)278-3877x76540,mateoluevano@casas.com
1856,Club Laboy y Aguayo,Renato Emiliano Peralta Moya,652-936-7562x75454,gonzalezvicente@industrias.org
1857,Mendoza-Granado S.C.,Dr. Espartaco Arroyo,1-470-544-7658x3901,xolmos@proyectos.com
1858,Industrias Toledo y Meraz,Rafaél Mauricio Barajas Morales,1-834-430-2997x38544,rolandoballesteros@industrias.com
1859,"Laboratorios Pineda, Serrato y Sosa",Violeta Zoé Valdez,908-763-4272x47711,estefania87@club.com
1860,"Casillas, Páez y Cortez",Óscar Fidel Ochoa,138.731.4031x916,xpelayo@pineda-de.com
1861,"Trejo, Solorzano y Vélez",María Luisa Karina de León,182.247.9224x76867,resendezfelix@quintero.net
1862,Rincón-Cisneros S.A. de C.V.,Nancy Ivonne de León Espinosa,1-298-009-3413,qgriego@jimenez-cazares.info
1863,Barraza-Montemayor,Minerva Escamilla Durán,08195171907,pugaeva@ponce.com
1864,Despacho Ornelas y Luevano,Elvira Uribe Estrada,1-642-550-3533,ernestoapodaca@cruz-miranda.com
1865,"Raya, Menchaca y Ybarra",Humberto Santiago Villalobos,(959)770-3170x56825,jose-manuelarguello@jaquez-galvez.com
1866,"Corporacin Oquendo, Espinoza y Ortiz",Rocío Mercedes Serrato Godínez,(863)644-4981x063,danielarangel@industrias.biz
1867,Laureano S.A.,Dra. Carolina Cintrón,01924743506,ktoro@velasquez.com
1868,Cervantes y Casanova A.C.,Adán Flavio Segura Corona,998.399.0150x59547,bberrios@oquendo.com
1869,Despacho Marín y Angulo,Jerónimo Jimínez Peres,013-143-3605x7432,cardenasgerardo@jaquez-velasco.org
1870,Industrias Bonilla-Rojo,Sra. Perla Ojeda,091.364.1765x9205,maria36@vargas.com
1871,"Solís, Alcántar y Carbajal",Jorge Flavio Peña,+96(4)3945349732,acostanancy@aponte.com
1872,Ferrer-Anaya S.A. de C.V.,Ernesto Montañez,(248)888-0497x046,maria-jose55@calderon-palacios.com
1873,Laboratorios Leyva-Aparicio,Sandra Raya Longoria,01935391038,ortizclaudia@quintana.com
1874,Despacho Sarabia-Mercado,Josefina Tamez,1-043-942-9008x89258,ilse83@espinosa.com
1875,Club Rodríguez y Fonseca,Elias Amador Negrete,(869)485-3074x8781,porfirioalonzo@carvajal-lara.com
1876,Becerra S. R.L. de C.V.,Germán Juan Carlos Benavídez,000.485.4123x481,verduzcorufino@de.com
1877,"Concepción, Medrano y Muro",Angélica Estela Jiménez,02987010932,merinohumberto@despacho.com
1878,Manzanares-Serrato,Eloy Henríquez,1-096-526-1216x69481,abreuelias@de.com
1879,Casillas S.C.,Pamela Juana Miranda Negrete,673-238-3684x14344,lde-la-o@ruiz.org
1880,Martínez S.A.,Tania Vázquez,059-509-4281x68362,estefania72@alvarez-sanchez.info
1881,Club Llamas-Casillas,José Manuél Verduzco Bétancourt,798.155.5184,barbara29@hidalgo.com
1882,Despacho Roybal-Farías,Rodolfo Iván Cisneros Jaime,729-802-0291x7265,guerreroramon@despacho.info
1883,Guevara-Carbajal,Ing. Juan Chapa,530.302.4130x01131,dulce-maria44@despacho.info
1884,Sandoval y Amaya y Asociados,Hilda Chavarría Cepeda,702.604.9769x799,wenriquez@villareal.com
1885,Galarza-Montero,Mateo Puente Longoria,967.276.3396x8007,caraballoraquel@club.com
1886,Despacho Cadena-Barraza,Óliver Abraham Lerma Collado,593-323-8143,francisco-javierpalomo@prado-palomino.org
1887,Maldonado y Maldonado S.C.,Ing. Amalia Saavedra,01989511157,pcazares@estrada.com
1888,Negrete-Sevilla S.C.,Espartaco Padilla Madera,362-458-8469,estefaniabarrientos@club.com
1889,Munguía e Hijos,Rosario Anabel Barreto Salinas,444-002-7489x4244,espartazuniga@club.com
1890,"Corporacin Tijerina, Osorio y Reynoso",Clemente René Soria,06182773477,nayeli67@corporacin.com
1891,Sevilla-Solís,Jaime Luis Manuel Saldivar,1-413-545-5797,rinconolga@rolon.com
1892,"Laboratorios Niño, Miranda y Gaitán",Agustín Batista Rubio,1-141-272-5921,miriamurrutia@olivas-ramos.com
1893,"Despacho Navarro, Navarrete y Monroy",Jerónimo Camilo Samaniego Rodarte,(856)526-4243,jmanzanares@proyectos.com
1894,Despacho Laureano-Beltrán,Luis Miguel Loya Vásquez,072-652-0148x760,orazo@de.com
1895,Grupo Carvajal y Vega,Julia Esquivel Duarte,+50(6)5069615884,wendolin52@club.com
1896,Candelaria-Amador,Enrique Apodaca Terrazas,1-676-040-6232x1517,geronimo96@villanueva.biz
1897,Miranda S. R.L. de C.V.,Irma Eloisa Blanco,342-207-0431,resendezfabiola@grupo.info
1898,"Industrias Zambrano, Mercado y Santillán",Srita. Laura Ruiz,(286)017-6787,josefinasevilla@carvajal.com
1899,Despacho Montez y de León,Srita. Diana Tamayo,522.377.5044,oteroteresa@laboratorios.com
1900,"Ulloa, Henríquez y Parra",Homero Carmona de la O,(165)542-7933x997,centenogerardo@laboratorios.org
1901,Marrero S.C.,Anel Amelia Córdova,654.419.0437x7029,creynoso@alarcon-florez.biz
1902,Grupo Raya-Escobar,Lic. Gustavo Melgar,048-511-9906x563,jose-manuelpaez@zedillo.com
1903,Salazar-Sauceda,Berta Dueñas Montenegro,272.916.9422x2925,maria-del-carmenhinojosa@urias-quintero.com
1904,Orellana y Briseño S.C.,Jaqueline Teresa Rubio,(245)883-6607,modestoleyva@serrano.com
1905,Segura y Gamez S.C.,José Samuel Echeverría,686-680-8079x565,camiloalvarado@escamilla.com
1906,Nava y Alcántar S. R.L. de C.V.,Lucas Alemán,709-280-3371,horacio13@lomeli.com
1907,Varela y Gil S. R.L. de C.V.,David Lucas Santacruz Leiva,1-542-762-9336x9832,angel72@montano-sandoval.com
1908,"Benítez, Sánchez y Alvarez",Lic. Alicia Zapata,(804)093-3627x2445,jose-manuelroybal@zarate-huerta.biz
1909,Gonzales y Cervantes e Hijos,Conchita Cristina Cordero Canales,1-532-501-6993,maytequintero@corporacin.com
1910,Pichardo-Acuña,Laura Delgadillo,(951)339-6605,jmejia@ortega.com
1911,Sepúlveda-Briones,Daniel Acosta,1-239-191-8465x506,elsavera@barajas-ochoa.biz
1912,Mota-Vera A.C.,Ing. Lilia Vigil,1-602-236-4499x514,estelaacuna@grupo.org
1913,Peralta-Cortés,Daniela Bianca Salinas,1-744-222-1242x197,karlacaballero@gonzales.info
1914,Despacho Rendón y Mena,Alejandro Ernesto Villareal,838.508.3327,alvateodoro@franco-medrano.com
1915,Polanco-Ferrer e Hijos,Dr. Antonio Quiñónez,09163354715,manuel38@corporacin.info
1916,"Tovar, Vázquez y Cisneros",Alejandro Leonardo Tirado Cepeda,1-945-802-8457x1869,vallevictoria@ponce-del.com
1917,"Industrias Zedillo, Estévez y Carbajal",Ing. Gerónimo Peralta,1-133-861-3674,bbonilla@portillo-alba.com
1918,"Grupo Gastélum, Regalado y Almonte",Susana Verónica Granado Olivas,127.470.6953x121,xtafoya@proyectos.com
1919,"Ramón, Cisneros y Ávila",Sr. Rodolfo Posada,(931)916-7875,fholguin@despacho.com
1920,Gurule-Casárez S.C.,Helena Abreu Hurtado,161-438-4039x726,smiramontes@quinonez-peralta.org
1921,Verdugo S.A. de C.V.,Gregorio Cristobal Moya,(095)636-0385x52882,gabrielgaitan@industrias.net
1922,Proyectos Mares y Fierro,Nancy Nava Véliz,09776385869,horaciomesa@grupo.biz
1923,"del Valle, Sandoval y Salinas",Augusto Miguel Carrillo,(535)955-3945x069,josefina29@industrias.org
1924,Corona y Soliz S.A. de C.V.,Verónica Lebrón Casas,1-939-431-4914x215,wilfrido09@rios.com
1925,Industrias Muro-Saldaña,Sr. Jacinto Altamirano,277.035.4766,brunoregalado@vasquez.com
1926,Abrego-Verduzco,Leonardo Moreno Calvillo,407.234.6150x4117,sernaivan@grupo.com
1927,Bueno-Gaitán S. R.L. de C.V.,Abelardo Duarte Vigil,1-501-147-4729x90555,oliverrosario@laboratorios.org
1928,Montaño y Rosado e Hijos,Ing. José María Tovar,(426)333-3884,emonroy@franco.com
1929,Proyectos Avilés y Valdivia,Ignacio Benjamín Frías Arguello,06064490359,santiagocasanova@roybal.com
1930,Proyectos Arias y Rendón,Roberto Eduardo Camarillo,821-606-3923x18678,bravoveronica@tovar.com
1931,Proyectos Gracia-Toro,Elvia Ozuna,1-702-579-5356x4411,andrealovato@escalante.com
1932,"Curiel, Malave y Alfaro",Gabriel Pascual Iglesias Colón,+31(7)5914509090,rocionava@chavarria.org
1933,Industrias Molina y Gracia,Sra. Aldonza Olivera,1-733-382-7653x48024,hornelas@grupo.net
1934,Meraz-Echeverría A.C.,Abel César Narváez,(444)847-9207x40518,malcaraz@grupo.info
1935,Ayala-Cervantes S.A. de C.V.,Dr. Salvador Benavídez,+32(0)4103728102,mde-leon@ramos-mena.com
1936,Club Gallegos-Rivas,Andrés Salcido Zepeda,(330)225-1766x689,genarode-anda@lira.com
1937,Grupo Madrigal y Nava,Dra. Noemí Díaz,956-562-1929x59099,teodoro14@nava.info
1938,"Estévez, Razo y Vaca",Jos Luis Manuel Loya Sauceda,864.766.9557,uacuna@valentin-palomo.com
1939,Ortiz S.C.,Lic. Lilia Lemus,1-115-905-9256,tacevedo@club.org
1940,Munguía y Arredondo y Asociados,Amelia Luna,1-660-638-2850x41627,abel20@grupo.com
1941,Proyectos Garrido-Valentín,Eric Vera Lerma,627-635-1487,nelly71@calderon-ceja.org
1942,Leal-Negrón y Asociados,Pilar Guajardo,853.358.4999x91695,andreazapata@collazo-cepeda.info
1943,Bétancourt-Ceballos A.C.,Sra. Anabel Ulibarri,07497311149,ngriego@alvarez.org
1944,Ayala-Mascareñas,Horacio Medina Zedillo,197-400-5975x834,araceli94@despacho.com
1945,Saucedo S.A. de C.V.,Porfirio Esteban Trejo,654-907-8725x50541,gerardo90@club.info
1946,Quintero y Asociados,Ing. Sofía Anguiano,(616)941-3512x84836,arcelia95@club.biz
1947,Grupo Pelayo-Zamudio,José Manuél Julio Valladares,(490)608-2761x00235,chapaamador@corporacin.com
1948,Rodarte-Flórez e Hijos,Ing. Evelio Valenzuela,633.759.8491,margaritarojas@acevedo.net
1949,Brito-Casares,Gabriel Rojas,523.314.3241x7071,irenesantacruz@zarate.com
1950,Arevalo y Sepúlveda e Hijos,Evelio Eric de León,082.204.4843x51978,pelayopedro@rolon-carrasco.com
1951,"Grupo Molina, Villareal y Alfaro",Esteban Segura Lozano,(241)701-8313,rsalcedo@grupo.com
1952,Rojas-Vela S.A.,Wendolin Bustos Salinas,335.813.6822,bonillarosario@cortes-ruiz.biz
1953,Loera-Páez S.A.,Bernabé Juan Carlos Razo,+06(2)0821240766,sara53@corral.com
1954,Laboratorios Mercado y Armas,Camilo Gerardo Juárez,968-950-9291,julia99@corporacin.org
1955,Cisneros y Mora S.A. de C.V.,Carolina Sofía Baca Lomeli,442.175.6394x904,gmelgar@corporacin.com
1956,Mares y Sierra A.C.,Ing. Eloy Mateo,888-646-5089,alvarohenriquez@despacho.com
1957,Despacho Granados-Ybarra,Francisco Javier Mariano Sanabria,1-483-937-7727,najerapascual@grupo.com
1958,Abreu-Figueroa y Asociados,Teresa Gaitán,124-722-3720,eluevano@montano.info
1959,Ávila y Asociados,Elsa Citlali Gollum,988.773.3521x0858,silviarincon@moya-trevino.com
1960,"Gastélum, Covarrubias y Brito",Raquel León,108.858.9981,camarilloolivia@grupo.net
1961,Corporacin Cervántez y Acevedo,Esparta Cynthia Fernández,(955)343-3497x19720,bruno93@corporacin.com
1962,Alvarado S. R.L. de C.V.,Maximiliano Francisco Javier Carrasco,332-430-8724x478,minervaanaya@casanova.com
1963,Saldivar-Tirado S. R.L. de C.V.,Pilar Ángela Arteaga,419-827-2449,jose07@vasquez.com
1964,Proyectos Toledo-Gaitán,Bernabé Rubén Rivas,895.166.5018x005,silvano02@quezada.com
1965,Grupo Calderón-Ordóñez,Jonás Modesto Nazario Caballero,+00(3)6685743973,estela18@proyectos.biz
1966,Proyectos Arreola y del Valle,Eric Silvano Bernal,(236)372-5112x9803,avilaivan@corral.com
1967,Arce-Olivera y Asociados,Tania Francisca Valdés Delgado,(522)925-4654x76316,luevanobeatriz@yanez-aviles.biz
1968,Garza-Mota e Hijos,Dr. Felix Quintana,(466)762-2676,salcedouriel@villalobos.com
1969,de la Crúz-Collazo S.A. de C.V.,Alonso José Eduardo Zambrano Ponce,254-978-0643,nbotello@arenas.net
1970,Garibay y Barrientos A.C.,Amanda Blanca Montero,539-952-1154x240,montenegroalonso@grupo.biz
1971,Tamez y Asociados,Elvia Mireles,558-364-5487x5979,ihurtado@loya-cuellar.org
1972,Madrigal S.A.,Mónica Clara Romero,1-684-978-5078,lrosales@gonzales-baez.net
1973,Merino-Tamayo,Ricardo Páez Quiñones,945-119-3246x7199,fridamiramontes@grupo.com
1974,Contreras e Hijos,Dra. Reina Olmos,1-518-757-0532,valladaresoscar@bermudez.com
1975,"Corporacin Pantoja, Lara y Cardenas",Ing. Celia Valle,(410)367-5806x93289,aurelio11@bernal.com
1976,Amaya y Rico A.C.,Estefanía Patiño,1-908-773-7316x927,paulina27@club.com
1977,"Quintero, Rodrígez y Loya",Abel Villegas Ríos,+18(3)2566180610,omar70@sanabria.com
1978,Aguayo-Cornejo,Cristobal Claudio de la O Ortiz,(390)510-1181x6934,adamecarla@pulido.com
1979,Carmona S.A. de C.V.,Dra. Angélica Bonilla,(328)225-1964x295,bcasas@concepcion.info
1980,Cortés y Asociados,Esmeralda Madera Yáñez,550-242-1825x480,gabriela59@acevedo-de.com
1981,"Laboratorios Chavarría, Peralta y Galván",José Manuél Duarte,175.487.7132,correaalejandro@bustamante.com
1982,Despacho Soria y Pelayo,Lorena María del Carmen Lemus Maldonado,228-780-7390x0496,antonioveliz@perales.biz
1983,Industrias Ochoa-Aparicio,Uriel Mariano Marrero Zamora,00471649545,uriel65@riojas.info
1984,Montañez-Fajardo,Dr. Miguel Ángel Sandoval,932.873.2276x65484,ivonnemagana@club.com
1985,Laboratorios Anguiano y Amaya,Bruno Isaac González Olivo,(594)538-8232x345,marianomontes@perales.com
1986,"Nava, Roybal y Negrete",Dr. Abelardo García,1-980-133-7619x15770,marquezernesto@berrios-moya.net
1987,Olivares-Corrales,Armando Moreno,942.811.5876,augusto91@ferrer.com
1988,Negrete S.C.,Srita. Bianca Nevárez,00981009443,arandahomero@saavedra.com
1989,"Meza, Osorio y Valles",Dr. Mateo Paz,380-826-3267x63114,eloyballesteros@mojica.org
1990,Berríos y Leal A.C.,Dr. Marcos Lovato,930-646-1438,judithbarajas@salinas.net
1991,Márquez-Ávalos S.A. de C.V.,Eva Rojo,389-475-2897,taniamagana@zepeda-reynoso.net
1992,Grupo Loera-Molina,Verónica Lucero Amador,421.001.4996x11778,rolando53@montemayor.org
1993,"Olivo, Cazares y Prado",Srita. Dulce Granado,1-530-025-5395x2563,qsaavedra@despacho.com
1994,"Corporacin Tamez, Saiz y Aparicio",Francisco Bernardo Carrión,07517335836,sergiovalladares@despacho.com
1995,"Venegas, Mares y Márquez",Rodolfo Saldivar,(717)135-9358x9105,marcela25@covarrubias.org
1996,"León, Farías y Ferrer",Marcos Benito Corrales,+99(2)8687842775,mascarenasmartin@quinonez.org
1997,Moreno y Aranda y Asociados,Josefina Rocío Villaseñor,02856859441,klira@grupo.com
1998,Olivárez-Toro S.A. de C.V.,Sr. Enrique Ontiveros,218.060.3632x35185,humbertovillegas@ponce-moreno.biz
1999,Feliciano-Bañuelos,Elvia Rosa Serrato Quezada,04845443007,amanda77@lopez.com
2000,"Montemayor, Camarillo y Sánchez",Bernardo Padilla,325.336.3057,frida86@badillo.com
2001,Altamirano-Reyes e Hijos,Lourdes Lourdes Armendáriz,950-852-6106x896,anabel32@hernandez.com
2002,"Despacho Dueñas, Jurado y Alcaraz",Dr. Rufino Pulido,483-596-0001x8208,ycaraballo@industrias.org
2003,Laboratorios Verdugo y Colunga,Angélica Norma Cadena Santillán,1-938-198-7921x6501,riveroariadna@perez.net
2004,Solís S.C.,Úrsula Guadalupe Castillo Castro,(249)152-8932x816,ymiranda@saavedra-saenz.com
2005,Fonseca-Botello,Ing. Florencia Vargas,135.276.2559,irmapina@barajas-caban.net
2006,Corporacin Quesada-Pineda,Beatriz Olivera Gallegos,172.715.4836x2813,german35@escobedo.com
2007,"Alcala, Rojas y Márquez",Ing. Salma Santiago,1-574-465-4482x187,pilarvaldez@despacho.com
2008,Rodríguez y Lemus y Asociados,Jos Baeza Gamez,05134650865,bvalladares@industrias.com
2009,Salazar y Berríos S.A.,Sr. Emilio Mojica,383.410.6572x99766,dolores20@samaniego.org
2010,Grupo Núñez y Quintana,María Esparta Márquez Cadena,+84(3)9711820034,guillenamalia@club.com
2011,Proyectos Avilés-Galarza,Abraham Mariano Osorio,465-184-7887x978,anel87@rivero-vera.com
2012,Loya-Zamudio,Maximiliano Tomás Lozada,(190)692-3951x083,isabelsierra@orosco.net
2013,"Grupo Almanza, Alonso y Girón",Juan Carlos Jesús Balderas Gil,+52(4)1142076513,amandadominguez@industrias.com
2014,Laboratorios Vargas y Perales,Aldo Reynaldo Jimínez,929-704-5386x87612,fpatino@coronado.com
2015,"Laboratorios Mayorga, Páez y Barreto",Dr. Clemente Montañez,383.489.9531x20085,marrerobernardo@del.com
2016,Aparicio y Galván S.C.,Dr. Germán Salas,331.342.4147x18976,eduardorosado@zelaya.com
2017,Despacho Aragón-Cano,Carla Marisol Jaramillo Toro,151-750-7963,garzahugo@laboratorios.biz
2018,Perea-Matos,Vicente Leonardo Orosco,(714)570-6586,xcuriel@club.info
2019,Caldera y Rivas A.C.,Antonio Samuel Villanueva Vásquez,1-917-670-7002,soniaquinones@cruz.com
2020,Club Santiago-López,Abel Alarcón,987.806.4659,norma18@torres.net
2021,Jurado y Zarate e Hijos,Ernesto Aguilar,1-922-686-8703,xnavarro@tapia.com
2022,Roybal-Olvera S.A. de C.V.,Abelardo Venegas,464-308-1322,anabelrincon@almaraz-holguin.com
2023,Club Orozco-Malave,José Manuél Acosta,1-455-731-4926x6224,bquezada@ferrer.com
2024,Rosales A.C.,Alvaro Colón Herrera,1-886-417-9399,mromo@laboratorios.com
2025,Laboratorios Estévez y Soto,Lourdes Nelly Sepúlveda Gaitán,(689)825-8173x8681,lmontero@grupo.info
2026,Club Tórrez y Salas,José Eduardo Cepeda,09980684960,luis-manuellongoria@industrias.net
2027,"Rivas, Corrales y Corrales",Soledad Ruby Puente,(810)767-7786,sgiron@benitez.org
2028,Muñoz e Hijos,Ing. Estefanía Posada,993-305-3740x6242,dcarvajal@grupo.net
2029,Samaniego y Escobedo S.C.,Barbara Suárez Terán,919-866-1329,alfredo63@rodriquez-echeverria.info
2030,"Figueroa, Zamudio y Urbina",María José Contreras Osorio,(850)072-8438x58009,rpuente@proyectos.com
2031,Barragán-Jaramillo S. R.L. de C.V.,Jacinto Santacruz Robles,359.754.3453x64996,ballesterosines@vela.info
2032,Collado y Cornejo S.A.,Marco Antonio Iván Ochoa Bravo,1-330-027-0275,rolondiana@quesada.net
2033,Matos A.C.,Ing. Gerardo Urrutia,901-681-2075x000,wblanco@tamayo-montemayor.com
2034,Proyectos Colón-Holguín,Ing. José Carlos Pulido,1-232-214-8944,espinalrocio@briones-ramon.org
2035,Grupo Ávila y Griego,Angélica Mateo,(959)070-5695x106,daliacarrasco@cintron-solano.info
2036,"Despacho Sandoval, Carreón y Barela",Cynthia Aldonza Núñez Vélez,382.145.2878x9999,gcervantez@despacho.com
2037,Muro S.A.,Pascual José Carlos Arreola,1-608-319-1260,maria-del-carmen58@melgar.com
2038,"Corporacin Alejandro, Villegas y Guardado",Lourdes Morales,(719)270-5487,lucia70@ozuna-olivares.com
2039,Arreola y Asociados,Karina Aguayo Viera,446-150-1235x06656,xbaca@montes.com
2040,Nieves-Reyna S.C.,Mariana Terrazas Velasco,1-793-919-4743,kcoronado@espino.com
2041,Valverde-Ontiveros,Silvano Castellanos Amador,764-714-2432,camposeduardo@cedillo.biz
2042,Grupo Rubio-Rascón,Rodolfo Cardona,309.831.4523,xtejeda@franco.biz
2043,Proyectos Estévez y Durán,Magdalena Jaime,256-568-6680x58000,maria-teresa95@industrias.info
2044,Avilés-Caballero y Asociados,Estela García Tórrez,1-578-180-7794x91488,montenegrowendolin@lucero-juarez.biz
2045,"Caballero, Ybarra y Villegas",Esmeralda Carranza Rentería,00065626668,santiago55@proyectos.info
2046,Pizarro y Prieto S.A. de C.V.,Lic. Irma Zamudio,+23(4)4238162266,karina49@soto-orosco.com
2047,"Club Cruz, Ulibarri y Sierra",Lorenzo Gamez,1-580-533-1513x13561,quirozabraham@club.info
2048,Corporacin Maldonado y Reyes,Srita. Marcela de la Rosa,239.176.1968x22588,virginia84@despacho.info
2049,"Despacho Suárez, Ramos y Maldonado",Esther Alicia Razo Esquivel,729.617.5657x7990,gcastellanos@laboratorios.com
2050,Castellanos-Briseño S. R.L. de C.V.,Teodoro Mata Hurtado,1-519-241-5286,zacariastrujillo@despacho.info
2051,Olivares S.A. de C.V.,Sra. Gabriela Malave,1-337-520-1569,lealelvia@ojeda-lugo.com
2052,Rojo-Gil S.A.,Lorena Minerva Jimínez Aguilar,913.417.8109x07195,qcanales@corporacin.com
2053,Lemus-Verduzco,Helena Tapia Esparza,(736)807-2966x1808,oliver88@olivas-toledo.com
2054,Proyectos Rocha-de la O,Agustín Villegas,070.464.4503x0060,araceli19@segura.net
2055,Godoy y Galarza A.C.,Ernesto Salcedo Ocasio,272.237.3695,iglesiasluis-manuel@laboratorios.com
2056,Hurtado S.C.,José Carlos Gaitán,1-226-549-3053,xespinal@proyectos.com
2057,"Lucio, Colunga y Peres",Juan Bañuelos Alvarez,897.274.0514x3164,barrientospatricia@feliciano-puente.com
2058,"Marín, Arroyo y Cortez",Fabiola Delgadillo Porras,+06(2)8922384357,marcelazambrano@vega-macias.net
2059,Grupo Melgar-Barela,Eugenia Mariana Medina del Valle,497.756.5512x8895,iferrer@club.biz
2060,Rendón-Baeza S.A.,Abel Aurelio de la Fuente,133-875-3421,samuel83@lomeli-meraz.info
2061,"Industrias Santillán, Soto y Godoy",Ing. Miriam Fernández,(252)543-0935x3521,cristian73@proyectos.biz
2062,Laboratorios Herrera-Rodrígez,José Carlos Nicolás Mayorga,(108)010-3022x123,asuncion12@perales-ybarra.net
2063,Grupo Espino y Corral,Irma Huerta,04226326214,adela37@miramontes-arce.com
2064,Castellanos-Orozco S.C.,Luz Salcido,(801)159-1326x8423,celiaespinal@mota-jimenez.org
2065,Franco S.A.,Norma Virginia Escobedo,00571973238,morenosergio@mireles-chapa.net
2066,Quesada y Cuellar e Hijos,Abril Cristal Galván,1-640-930-9998,msaucedo@zapata-nino.com
2067,Valentín y Quesada S.C.,Ing. Ofelia Vázquez,938.191.9487x4612,vanesabotello@aranda.com
2068,Nájera-Miramontes,Oswaldo Jerónimo Solís,373-533-2702x899,bparedes@tejada.com
2069,Despacho Burgos y Olmos,Armando Ángel Palacios Mota,04947396543,almanzaana@quinones-saldivar.com
2070,Laboratorios Baca y Colón,Hermelinda Olga Pedroza Arguello,(895)869-7935x8434,jose-mariacamarillo@industrias.com
2071,Corporacin Ulibarri-Prieto,Manuel Chávez Adame,818.040.9991x5141,abelardo50@alcaraz-betancourt.com
2072,"Club Laboy, Cuellar y Zaragoza",Dulce María Liliana Hernández,02264725439,salvadormolina@industrias.com
2073,Corporacin Alvarez-Terán,Mauro Horacio Lebrón,539-685-2768,alfonsovarela@ulibarri-ulloa.com
2074,Grupo Maldonado-Olivo,Blanca Esperanza Crespo,(097)020-9790x9635,matiasrocio@benavidez-rodarte.com
2075,Grupo Carvajal y Quiñónez,Daniel Montez Figueroa,797.086.0437,jmontano@duenas.info
2076,Salcedo-Chavarría,Claudio Mejía Godínez,300.325.6964,eheredia@grupo.com
2077,Yáñez-Pedroza,Elisa López,(422)663-1543x0990,socorromarquez@gurule-benitez.com
2078,"Monroy, Estévez y Ojeda",Marisol Araceli Franco,463-514-5228x232,marcos48@escobar-yanez.org
2079,Laboratorios Herrera y Ybarra,Irma Luz Reyes,1-833-521-9706,adalberto64@colon-estevez.com
2080,León-Arevalo S.A.,Ing. Maximiliano Santacruz,1-075-016-3270,taniajimenez@hernadez-canales.com
2081,Castillo-Olivares S. R.L. de C.V.,Débora Lilia Luevano,(721)264-5436,gperalta@prieto.com
2082,"Roque, Escamilla y Olvera",Lic. Leticia Esquivel,+13(3)3279882170,socorroperales@casarez.biz
2083,Lucio-Zavala,Sr. Reynaldo Mora,04756160384,isaac60@serrato.net
2084,Valles y Marroquín e Hijos,Anel Georgina Bravo,+96(6)1592932578,trujillojuana@armas-pina.com
2085,Despacho Garibay y Lira,Anel Angélica Enríquez Arroyo,730-238-5951,noeliacorrales@rivera.com
2086,Despacho Flores y Guerra,Nelly Cornejo Garibay,989.511.1399,yrodarte@industrias.com
2087,Ureña y Rocha S.C.,Nadia Celia Guillen Ornelas,+84(2)2966514448,dmireles@grupo.com
2088,"Suárez, Barragán y Mares",Salma Lugo,1-919-872-0298x1130,sisnerosricardo@laboratorios.com
2089,"Despacho Venegas, Ulloa y Carrillo",Mario Silvano Partida,305.074.9504,octavio27@villanueva-de.org
2090,Collado e Hijos,Eugenia Jaime,06169362408,gabino63@grupo.com
2091,Alcaraz y Maya S.C.,Sr. Alfonso Guerra,622.659.4152x583,emilio63@salcedo-sierra.com
2092,"Leyva, Ledesma y Puente",Martha Esther Roque,03290102915,gerardo18@sotelo-bonilla.com
2093,Lira-Olivo,Cristobal Espino Nevárez,596.828.9014,terrazasgabino@laboratorios.biz
2094,Proyectos Bonilla y Ozuna,Juana Karla Arroyo Collazo,1-168-927-8884x787,trejoelias@proyectos.com
2095,Quiroz y Armenta S.A. de C.V.,Adalberto Gonzalo Rojo,080.282.1311,karina24@madera-gonzalez.com
2096,"Proyectos Lucero, Mares y Olivárez",Ing. Nadia Villalobos,(259)634-9001,hperea@grupo.com
2097,Holguín A.C.,Dra. Araceli Briseño,1-030-766-1706,oquendoconcepcion@proyectos.com
2098,Zamudio S. R.L. de C.V.,Camila Mónica Mares Solorzano,08186969234,porfirio05@quinonez-collado.com
2099,Riojas y de la Torre A.C.,Salvador Parra,1-620-916-0494,romerojacobo@despacho.info
2100,Orellana S.C.,Josefina Guerra,1-218-589-3584x047,navarreteeva@covarrubias-pena.com
2101,"Montemayor, Olivo y Ledesma",Marco Antonio Jacobo Ortega,671-571-1120x701,mirandarosalia@proyectos.biz
2102,Villalpando y Escamilla y Asociados,Cristal Isabela Mojica,576-150-3359,magdalena08@barraza.net
2103,Proyectos Alarcón y Hernádez,Homero Colunga,(997)853-2101,marioverduzco@despacho.com
2104,Arreola S.A.,Linda Inés Urrutia Mares,901.405.6502x57870,melendezpaulina@collazo.info
2105,Juárez S.C.,Leonardo Zedillo,09918386488,caridadcepeda@villa.biz
2106,Club Rael y Roldán,Mauro Maximiliano Matías,(969)426-9154,itirado@jaimes-caldera.com
2107,"Corporacin Dávila, Rael y Rodríquez",José Eduardo Arellano Tejeda,550.562.4481x888,hquintanilla@alvarado-campos.org
2108,Velázquez-Fernández,María del Carmen Bañuelos,1-414-201-3498x438,maria-del-carmenbenavidez@despacho.com
2109,Tejada y Quesada e Hijos,José Carlos Quiñónez,(362)733-0890,vicentematos@corporacin.com
2110,Proyectos Barajas-Arias,Dra. Francisca Zaragoza,861-773-0790x991,clara76@rivero-almaraz.org
2111,Carvajal-Caballero y Asociados,Flavio Montoya Páez,257.621.0902x80579,bianca00@hidalgo.com
2112,Montañez-Polanco,Trinidad Elsa Arguello,727.562.2021,imatos@proyectos.org
2113,Mayorga S.A.,Alicia Bianca Gaytán Romo,1-607-203-2489x32377,dolores77@club.com
2114,Corporacin Carrión-Lozada,Eva Cortés,(898)807-7574x658,zoe78@orta-luna.com
2115,Corporacin Chapa-Rangel,Srita. Estefanía Olvera,(298)516-5228x7351,urbinageorgina@tamez.com
2116,Lara-Linares,María Luisa Rubio,1-476-397-1031x887,itzelruiz@baca.net
2117,"Quezada, Leyva y Delgado",Jesús Angulo Meléndez,846.221.6346x518,xmatias@montemayor-gonzales.com
2118,Despacho Lozada-Becerra,Ramiro Castillo,987-908-6865x14660,saldanaaldo@valverde-granado.biz
2119,Arce y Carbajal y Asociados,Ivonne de Anda Enríquez,412-465-5295x787,abrilcarrero@torrez.com
2120,Grupo Rivas-Castellanos,Fidel Aurelio Sanches,+02(1)4980084755,estefania73@laboratorios.com
2121,Industrias Barreto y Escobedo,Antonio Roberto Guajardo Pelayo,949-835-9808x469,ifonseca@mata.com
2122,"Collado, Rojo y Carbajal",Miguel Ángel Avilés,244-698-4598x90906,kamaya@club.biz
2123,Proyectos Pizarro-López,Yuridia Hermelinda Sandoval,(998)724-4463x1284,benitovenegas@club.com
2124,Villalpando S. R.L. de C.V.,Aurelio David Chavarría,+21(5)1285136840,santiago16@de.com
2125,Terrazas y Asociados,Marisol María José Nieto Bernal,003.226.0734x7843,elenarobles@industrias.com
2126,Bañuelos-Frías,Flavio Gabriel Tovar Moreno,376-730-5858,eliaspichardo@proyectos.net
2127,Grupo Juárez-Flórez,Daniel Aurelio Córdova,588.983.9230,htorrez@despacho.com
2128,"Raya, Baeza y Reyna",Rosa Virginia Escamilla Macías,547-597-1131,debora87@despacho.com
2129,Club Lucero-Mateo,Ing. Eloisa Vázquez,684-583-1090,anabelvaca@santacruz-rolon.biz
2130,Laboratorios Escobar y Rojas,Alma Escobar Salas,192-642-1023x87288,saenzpablo@pedroza.info
2131,Ochoa e Hijos,Dra. Pamela Acevedo,196.433.5623x95021,casarezjulia@adame.com
2132,Grupo Cavazos-Baca,Elsa Ceja de la Crúz,+89(3)9560898046,cbatista@alejandro-caballero.com
2133,Terán y Durán S.A. de C.V.,Irma Norma Camarillo Casas,390.665.0688x857,larellano@estrada.com
2134,Proyectos Montero y Avilés,Iván Jorge Alejandro Orta,1-270-524-1694,eloisa46@ochoa.com
2135,"Casares, Ledesma y de Jesús",Georgina Aguilera,+00(1)3743784710,gguajardo@grupo.com
2136,Grupo Rosales y Ponce,David Fernando Gollum Jiménez,1-015-417-7657,fquesada@arteaga.com
2137,Zamora-Briseño y Asociados,Raúl Juan Curiel,479-393-3489x14026,fgarza@montenegro-montoya.net
2138,Almaraz S. R.L. de C.V.,Ivonne Marisol Mireles Rincón,1-131-838-2370,roberto46@aleman-cantu.com
2139,Guevara-Santillán,Yolanda Lugo Cardona,(429)326-4570x1773,inesarchuleta@arreola-pichardo.com
2140,Club Armendáriz y Montemayor,Lic. Benito Enríquez,931.082.6277x569,puentealonso@despacho.com
2141,Olivo-Padrón y Asociados,Benito Rodrigo Escobar,(921)075-8643x5830,omedina@laboratorios.com
2142,"Industrias Cervantes, Sánchez y Villareal",Pamela Ariadna Sevilla,(617)568-6345x49642,andrespena@corporacin.com
2143,Alba S.A.,Nadia Bahena Urías,1-563-449-1088x534,enriquezuniga@club.info
2144,Corporacin Arreola y Salgado,Srita. Carlota Sánchez,08167177110,rufinoarmas@despacho.biz
2145,Samaniego-Márquez,María Ibarra Caraballo,918.480.0000x133,de-la-garzagenaro@proyectos.com
2146,Bétancourt A.C.,Salvador Cuellar,05819277244,soledadrangel@lomeli.com
2147,"Club Valentín, Vela y Camacho",Vanesa Trejo Estévez,1-659-747-0914,mcasanova@laboratorios.com
2148,Industrias Ceja y Núñez,Lorena Casas Valverde,896.812.6669x916,fabiolaregalado@sandoval.biz
2149,"Mota, Reséndez y Lucio",Lorena Nieto,775.977.6738x0075,patinolinda@grupo.com
2150,Industrias Griego y Leiva,Eva Vanesa Cabán del Río,(788)657-0738x546,murillojacinto@rico-gaitan.com
2151,Guzmán-Gamez,Joaquín Serrano Quiñones,(892)880-2295x57693,sepulvedaliliana@club.org
2152,Zaragoza-Alarcón,Camila Cynthia Botello,434.491.9747,trevinosalvador@saavedra.info
2153,Corporacin Tafoya-Mata,Ing. Elvia Hidalgo,1-650-941-6267,renatoalba@davila.com
2154,Gurule-Collazo,José Manuél Leonardo Pineda,1-019-187-1710x459,bernaberolon@sevilla-zuniga.net
2155,Cornejo S.A.,Germán Camilo Vaca,1-605-034-6117x3417,ernesto46@narvaez-macias.com
2156,Grupo Fonseca-Molina,Patricia Benavídez Pedroza,(915)663-0363,karlapatino@industrias.com
2157,Lozano y Iglesias S.A.,Conchita Mateo Abreu,09165364706,zponce@ruelas.com
2158,Corporacin Barragán y Mares,Catalina Lara Leal,(649)153-5090x4351,aurelio63@industrias.com
2159,Flores-Colunga,Antonia Amelia Aragón Luna,912.643.8470x9819,soniaalfaro@arriaga-zelaya.biz
2160,Grupo Valverde y Coronado,Julio César Cavazos,1-932-865-7119,sergiovela@cintron-segura.com
2161,Amador S.C.,Gerardo Renato Carreón Sepúlveda,1-924-516-7917,hpabon@aguilera.com
2162,Cisneros y Córdova S.A.,Jerónimo Vallejo,03353153562,tchapa@corporacin.org
2163,"Despacho Jáquez, Ramón y Salgado",Marco Antonio Roberto de Jesús,(982)182-4468x2163,mcedillo@acuna.biz
2164,"Laboratorios Quiñones, Godoy y Cisneros",Flavio Darío Chavarría Hernádez,(637)836-8125,fernando45@industrias.com
2165,Montenegro y Aguilar S.A. de C.V.,Lic. Horacio Bustamante,1-643-441-0579x406,jose-emilio53@industrias.com
2166,"Proyectos Jiménez, Terrazas y Gómez",Ing. Clemente Velázquez,1-550-897-7547x2815,bamaya@dominguez.com
2167,"Delgadillo, Escobar y Alvarez",Dr. Mateo Quiroz,04948724849,elisacarrion@de.com
2168,Medrano y Asociados,Nayeli Carla Ávalos,(082)078-0988x2209,antoniadiaz@acuna-villasenor.com
2169,Grupo Montaño-Huerta,Norma Angélica Galarza Arroyo,279.299.0251x00227,arceliarivas@corporacin.com
2170,"Aponte, Gómez y Domínguez",Isaac Alvaro Ureña Acuña,770-037-8171x50685,sergioolivarez@santillan.net
2171,Velásquez-Cuellar e Hijos,Reynaldo Mena Carrión,122.866.0099,klongoria@despacho.com
2172,Gollum S.C.,Lic. Gerónimo Rodríguez,590-125-9968,lilia34@laboratorios.info
2173,"Salas, Benavídez y Meza",Dr. Rufino Mojica,(995)719-4770x07191,gomezaurora@grupo.com
2174,Despacho Rodrígez-Duarte,Gustavo Alba,1-155-886-6314,mariarobledo@nunez.com
2175,Maestas-Concepción y Asociados,César Ramiro Sanches,594.919.2659x5173,celiaorellana@magana.com
2176,Despacho Gamez y Raya,Sr. Abel Cabán,1-801-106-3822x4432,xmontenegro@industrias.org
2177,Venegas-Ruiz,Socorro Menéndez,1-179-154-3698,gallardoreynaldo@zarate-hidalgo.org
2178,Despacho Limón y Laboy,Ramón Arredondo Zúñiga,00069569819,jose-mariaespino@otero-rodrigez.org
2179,Club Olmos-Loera,Genaro Arriaga Ramón,059.990.6408,balderasblanca@carmona.com
2180,Núñez y Negrón A.C.,Jerónimo Zedillo Curiel,+86(5)3749455839,enriquesosa@puga-olmos.com
2181,"Industrias Guillen, Herrera y Ríos",Barbara Cordero,(888)107-8632x019,oarenas@despacho.com
2182,Piña y Cazares S.A.,Jerónimo Joaquín Tamez Tovar,01912776151,rasconjosefina@corporacin.info
2183,"Almaraz, Ballesteros y Hernández",Jorge Luis Uriel Quiroz Patiño,1-712-544-5847,eric96@hernandez-vela.org
2184,Barrera y Asociados,Sr. Sergio Alonso,1-444-962-5216,oswaldo89@gamboa.com
2185,Páez y Orellana e Hijos,Mariana Isabel Coronado,420-315-7997,palaciosanabel@canales-ceja.com
2186,Baeza-Rojas S.C.,Eloisa Pulido,509.680.1922,wcasares@pelayo.org
2187,Corporacin Dueñas y Perea,Benito Riojas Ramos,(655)813-2613,trinidad42@adame.net
2188,Grupo Fierro-Centeno,Amador de la Crúz Meléndez,(304)674-0718x53311,conchita48@corporacin.net
2189,Mojica y Espinoza e Hijos,Pedro Gregorio Torres,364.921.5296,asuncion87@ochoa-olivo.com
2190,Laboratorios Arreola y Franco,Emiliano Bernardo Puente Urías,1-807-018-2155x74125,dominguezfernando@laboratorios.com
2191,Rodarte-Velasco,Silvano Israel Jáquez,1-557-669-6253x67117,chaconbenjamin@corporacin.com
2192,Rael-Molina,Inés Rosa de León,1-002-242-2371,tolmos@grupo.com
2193,Crespo y Barraza A.C.,Jaime Daniel Cuellar,1-099-306-7642x011,eguillen@bernal.org
2194,Angulo-Iglesias,Alta  Gracia Amelia Meraz,(049)566-8651,fernandezmaria-elena@gaitan-rodriquez.com
2195,Club Tamayo-Godínez,Srita. Pilar Aguilera,(532)448-8807,uzamora@munguia.biz
2196,Marrero-Gallardo S. R.L. de C.V.,Perla de Anda Urrutia,1-146-312-4534x7491,palominoarmando@laboratorios.net
2197,Grupo Dávila-Gallardo,Ing. Salvador Longoria,748-485-6944,emiliano42@nazario-rivas.com
2198,Hidalgo-Centeno,Yolanda Ana Luisa Rosado,03391438276,victoria61@grupo.com
2199,"Corporacin Contreras, Meza y Vásquez",Fernando Martín de León,+67(7)3097803993,claudia86@despacho.com
2200,Zamudio-Brito,Srita. Nayeli Cotto,918-350-7398x4855,naranjoarturo@saucedo.com
2201,Jaimes-Pedroza,Maximiliano Pascual Merino Ortega,621-762-7243x81445,fmontoya@industrias.com
2202,Barrios S.A. de C.V.,Lic. Fidel Guerrero,(455)450-1222x1988,marisela13@cazares-aviles.com
2203,Despacho Uribe y Vela,Rosa González,+92(2)2024176697,paezlucia@laboratorios.net
2204,Club Paredes-Rangel,Sr. Adán Aguilar,773.549.6259x5901,espartacogamboa@mercado-esparza.com
2205,Corporacin Garibay-Hernádez,Marcos Holguín,693-706-7564x403,jassolaura@grupo.org
2206,"Proyectos Menéndez, Salcido y Dueñas",Jorge Luis Noriega Maya,216.855.5026,barbara05@laboratorios.info
2207,Grupo Valencia-Sandoval,Dr. Santiago Cornejo,886.689.8010x65285,zacarias30@delgado-galarza.biz
2208,Hernández-Cadena,Eloisa Socorro Rael,+72(7)4200502940,nvargas@industrias.net
2209,Arreola-Iglesias,Ivonne Vigil,05905424878,sandra04@maldonado-sanabria.com
2210,"Despacho Sepúlveda, Sisneros y Rivas",Olivia Irene Bernal Mejía,1-699-229-1379x01688,yuridia04@paez.com
2211,"Club Ybarra, Camarillo y Magaña",Jacobo Samuel Escamilla,427-677-4165x3746,jquintana@perea-florez.info
2212,Ocasio-Lucio,Leonardo Barreto,116-859-5241x71687,irma82@palomo-gutierrez.com
2213,Corporacin Brito-Alarcón,Aurelio Alberto de Jesús,(883)149-1410x11201,dmagana@laboratorios.info
2214,"Caldera, Villalobos y Lara",Eugenio Pascual Badillo Escamilla,124.582.4708x07092,psierra@rangel-jimenez.com
2215,"Lomeli, Dávila y Mendoza",Dr. Jacinto Riojas,+26(9)1546669207,micaelarico@grupo.net
2216,Alvarez y Sauceda S.C.,Fernando Madrid,453.975.0829x03856,chavarriamariana@corporacin.net
2217,Club Centeno y Ochoa,Yolanda Leal,414.790.4475x1537,concepcionalmanza@alonso.com
2218,Despacho Alemán-Alcaraz,Teodoro Modesto Terán Aguilera,(782)465-5309x222,gerardocavazos@ozuna-alonso.com
2219,Terán-Gamboa y Asociados,Eduardo Gabino de la Crúz Saldaña,344-241-6083,hernandezmaria-cristina@industrias.com
2220,Grupo Sandoval-Madera,Karla Bianca Zarate,1-971-081-8632x1337,jose-carlos14@munguia-madrid.info
2221,Grupo Romo-Amaya,Guillermo Sevilla Salcedo,422-597-3037,laura50@proyectos.com
2222,Laboratorios Arteaga-Ávila,Sofía Abril Urbina,077.366.7585,fruiz@rocha-gonzalez.com
2223,Garibay-Sánchez S.A.,Patricia Alta  Gracia Enríquez Gurule,(940)569-4761x9278,corraleszoe@riojas.biz
2224,Corporacin Toledo-Aranda,Lic. Irma Covarrubias,(427)561-7372,berriosguillermina@barela.info
2225,Menéndez-Mercado e Hijos,María María Cristina Lozano,351.067.4449x989,salasgeronimo@saavedra.net
2226,Gollum A.C.,Hugo Samuel Cervántez Gaona,(008)334-1871x55039,cesargodinez@espinal.com
2227,"Grupo Cantú, Haro y Quintana",Carlos Corona,1-950-488-8198x75997,hernandiaz@proyectos.com
2228,Industrias Gollum-Velasco,Karla Gaitán,1-106-204-6786x3038,ontiverosmonica@vazquez-hinojosa.net
2229,"Rosado, Arenas y Robles",Victoria Reina Terrazas,644.491.1851x01542,udel-rio@rico-giron.com
2230,Sotelo S.C.,Jonás Pascual Madera del Río,022.727.5215,inescontreras@despacho.com
2231,"Despacho Olvera, Olivera y González",Celia Perales,1-759-727-7719x846,morajose-maria@club.com
2232,"Tijerina, Gómez y Huerta",Luisa Yáñez,716-462-9291x7736,melgaroliver@torrez.com
2233,Altamirano A.C.,Violeta María Eugenia Toledo Granado,08263741987,francojose-emilio@corporacin.com
2234,Grupo Cornejo y Cruz,Esperanza Silvia Lovato Negrón,544-727-8792,ruben77@resendez-marrero.com
2235,"Orosco, Valdez y Ontiveros",Ofelia Olivia Ibarra Castillo,+61(3)7698237618,abrilzedillo@despacho.net
2236,Valle y Anaya S. R.L. de C.V.,Ernesto Pascual Bermúdez,(126)358-1567,apontejorge-luis@de.com
2237,Grupo Mateo y Perea,Patricio Hugo López Godínez,282.840.1252x004,jose-manuelarredondo@toledo-cortez.net
2238,Corrales-Lovato,Rosa Karla Peralta Prado,(783)031-7294x09937,emiliano37@tellez.com
2239,"Laboratorios Canales, Yáñez y Olivares",Norma Rocío Camarillo Valadez,(519)208-4965,karlamiramontes@vargas-iglesias.com
2240,Padrón-Tirado S.A. de C.V.,Salma Verdugo Gallegos,1-401-075-2879x97225,dmayorga@grupo.com
2241,Proyectos Escalante-Roldán,José Manuél Gustavo Lira Vargas,503.079.5825,elisa77@grupo.info
2242,Industrias Alba y Quiroz,Angélica Palomo Ferrer,(066)267-9409x9073,kchacon@sanabria-orellana.com
2243,Gamboa S.C.,Hugo José Carlos Madrigal,029-195-6505,marisela41@industrias.com
2244,Padilla-Aponte e Hijos,Daniel Silvano González Munguía,01748636938,montezmarcela@club.com
2245,Corporacin Cantú y Ruiz,Rebeca Espinosa Blanco,1-261-084-5631x479,xcano@club.net
2246,Murillo y Meza S. R.L. de C.V.,Dalia Rojas Villanueva,788.166.8096x5119,plira@laboratorios.com
2247,Regalado y Saucedo y Asociados,Francisca Matías Riojas,(770)608-5588,zacariastoledo@pedroza-limon.com
2248,Proyectos Robledo-Nava,Sr. Arturo Medina,(527)701-5626x699,tiradoclaudio@castillo-raya.org
2249,Despacho Armenta-Valdez,Esparta Otero Granados,06460664932,indiramesa@tijerina-gaitan.net
2250,Laboratorios Garza y Gaytán,Guillermo Santiago Guzmán,254-859-2820x66653,ivonne97@aragon-vanegas.com
2251,Coronado y Asociados,Antonia Abrego,+03(2)6661780886,victor99@ornelas-colon.info
2252,Pedraza y Montaño A.C.,Uriel Ignacio Cuellar Moreno,+12(2)9153537592,lbeltran@ortega.biz
2253,Corporacin Chacón-Zelaya,Fidel Tamez,+10(7)0177446083,marisela64@saavedra-mejia.com
2254,Trujillo y Fierro A.C.,Felix Francisco Carrillo Matos,(349)762-1741x03751,fidel64@olivo.net
2255,Grupo Rendón-Espinoza,Martín Raúl Orozco Aparicio,(849)635-5501,cristobalzapata@iglesias-villarreal.org
2256,Ceballos-Medina S.A.,Olivia Navarrete Granado,+19(6)5497059445,hurtadozeferino@proyectos.com
2257,Flores S. R.L. de C.V.,Sonia Rolón,+71(3)6042121004,ftoro@moreno.com
2258,Sotelo S.A. de C.V.,Lucía Martínez,(255)686-2229,medinarenato@proyectos.com
2259,Olivas-Salinas S.A.,Srita. Rosa Gálvez,1-690-706-4872x35838,emilio75@despacho.info
2260,Arenas S.A. de C.V.,Daniela Aguilar,(762)732-5538x27438,jacintoortega@proyectos.com
2261,"Frías, Maestas y Tamayo",Mauro Gracia,230.146.4675x03809,silvano18@de.org
2262,Cantú y Armas y Asociados,Agustín Hernán Jimínez,1-305-098-0993,benito96@baca.net
2263,Páez y Santacruz S.A. de C.V.,Karina Niño,1-842-252-7768,georgina55@lozada.org
2264,Club Salcido-Mondragón,Benjamín Zavala Gaitán,526-749-4222,pinedacarmen@mota.com
2265,Laureano-Trujillo,Ángela Vanesa Loera Durán,035.777.9312x40493,ygallardo@proyectos.info
2266,Montoya-Figueroa S.A.,Débora Ruby Luevano Rosas,1-630-658-5827x654,evilla@urrutia-vargas.com
2267,Guevara e Hijos,Mercedes Guillermina Suárez Candelaria,429-836-8761,rinconzeferino@mateo.com
2268,Montenegro-Morales,Ariadna Armas Salcido,(981)886-9611,maria-teresa89@barela.com
2269,Castro y Villarreal S.C.,Aurelio Escamilla Pedroza,315-624-2060x5116,nperales@montalvo.com
2270,Coronado-Palomino S. R.L. de C.V.,Armando Tomás Luevano Ramos,09023271073,anarazo@cintron-casarez.com
2271,Fierro y Asociados,Sr. Jerónimo Parra,1-431-721-0463x11867,barreramartha@tellez.com
2272,Madera-Lucero S.A. de C.V.,Srita. Barbara Trujillo,03125470997,porfiriocandelaria@corporacin.com
2273,Rascón y Asociados,Esparta María Teresa Carmona,862-943-6813x14539,maria-luisa07@proyectos.net
2274,"Laboratorios Montenegro, Sisneros y Lebrón",Nancy Madera Ayala,(227)760-2180,fpuente@corporacin.org
2275,Proyectos Limón y Hernández,Ing. Cornelio Villalobos,+67(7)4210830634,leonel71@solano.com
2276,Rael-Montemayor S.A. de C.V.,Gabino Maximiliano Griego Miranda,1-497-248-6898,jesuscuellar@garcia-miramontes.com
2277,Club Ramírez-Ibarra,Sandra Pamela Aguilar,1-384-713-7058,usalas@cintron-curiel.com
2278,Laboratorios Armenta-Aponte,Sr. Eduardo Gallegos,(420)338-7384x53500,eveliomartinez@grijalva.biz
2279,"Pelayo, Valles y Lemus",Lucas Mireles,694-919-9785x1344,adriana32@salinas.info
2280,Verdugo-Marrero y Asociados,Reynaldo Fernando Bueno Santacruz,886-166-6334x28091,mojicarafael@ojeda-segovia.com
2281,"Industrias Rivera, Reyes y Adame",Teresa Huerta Vela,01406547651,dulce-mariarosas@industrias.com
2282,Campos-Fernández S. R.L. de C.V.,Gregorio Navarrete,(293)349-5651x582,marco-antonioavila@club.org
2283,"Ramos, Paredes y Narváez",Antonia Clara Laboy,1-833-441-4679x6938,bertade-anda@llamas-yanez.com
2284,Gallardo y Mireles e Hijos,Vicente Alvaro Solano Garza,01686744786,ifeliciano@reyna.net
2285,Calderón-Páez,Dra. Esmeralda Carrero,(826)971-8701x53987,alfredo54@velez-barragan.org
2286,"Laboratorios Zarate, Téllez y Matos",Cornelio Óliver Lomeli,(614)227-4045,de-la-fuentejoaquin@sanchez-valles.com
2287,Anguiano y Valencia A.C.,Genaro Montaño Regalado,(431)891-0049x24601,mariamunoz@laboratorios.com
2288,"Gil, Camarillo y Mesa",Porfirio Becerra Aguilera,(667)042-9579x0354,ontiverosreynaldo@laboratorios.com
2289,Varela-Sanches S.A. de C.V.,Martha Rubio,918-648-4121x234,waragon@proyectos.biz
2290,Club Collazo-Gastélum,Carlota Ornelas Jimínez,1-361-138-8705x71629,itzel54@armendariz.biz
2291,"Club Carvajal, Jaramillo y Núñez",Lic. Eugenia Serrano,856.016.6858,yrenteria@soto.com
2292,Corporacin Raya-Miramontes,Vicente Fuentes,+36(1)9993260386,nietoemilia@grupo.com
2293,Sosa y Aguilera e Hijos,Mauricio Bétancourt,1-186-588-0746x120,daniela54@ocasio-matias.biz
2294,Laboratorios Olmos y Fuentes,Dalia Virginia Urías,(139)222-3042x10379,angelmadrid@valladares.com
2295,Delgado-Gómez,Joaquín Ramos,1-937-759-0129x29929,alvarobarreto@grupo.com
2296,Rojo-Jaramillo e Hijos,Rodolfo Medina Arroyo,749.113.9282x36964,maria-del-carmencordero@valentin.com
2297,Almaraz e Hijos,Gerónimo Valenzuela,1-367-361-4047,mbermudez@corporacin.net
2298,Santiago-Carranza,Abraham Leonardo Zarate,(292)231-9789,zoe89@laboratorios.com
2299,Valdivia S. R.L. de C.V.,Vanesa Benavídez,+72(3)2274783019,renato10@corporacin.com
2300,Guzmán-Ruelas S.A. de C.V.,Gustavo Timoteo Macías Caballero,858.477.0239x283,bacaolivia@noriega-quinones.com
2301,Alarcón-Loya,Silvano Rael,1-234-102-4250x5963,badilloblanca@club.com
2302,Ulibarri-Rocha,Lucía Tania Tirado Pedroza,07687296204,natividadsalcedo@trevino-bueno.com
2303,"Despacho Arreola, Anaya y Soto",Jorge Luis Silvano Duarte Galarza,+65(1)1768251528,ariaswilfrido@alvarado.biz
2304,Niño y Asociados,Patricio Macías Villa,517.042.0473x08788,imeraz@garrido.net
2305,"Corporacin Carrillo, Gonzales y Godoy",Javier Urías,021-037-7002x33582,almaalva@delgado.com
2306,Rojas-Avilés S. R.L. de C.V.,Débora de la Fuente,604-161-4354x3491,victormontemayor@regalado-llamas.biz
2307,"Laboratorios Gonzales, Estévez y Godoy",Héctor Alemán Gamboa,+58(1)8158535062,arceliatello@ybarra.org
2308,"Industrias Barajas, Vargas y Heredia",Martín Estévez,312.938.6556,ursula02@despacho.com
2309,Industrias Luevano y Saldivar,Srita. Margarita Villegas,132.465.1835,herreraelvia@de.com
2310,"Despacho Rendón, Villalpando y Santillán",Hernán Almanza,+77(1)6010831734,lfierro@nazario-murillo.com
2311,Proyectos Rivera y Mayorga,Camilo Saldaña,1-286-122-4000,zeferinovela@club.com
2312,Corporacin Arellano y Armenta,Diego Rolando Rojas Jaramillo,+89(7)5784235180,elviamarquez@despacho.com
2313,"Despacho Ontiveros, Gonzales y Leiva",Lic. Miguel Ángel Villareal,(796)939-2055,navarrosusana@adame.com
2314,Laboratorios Godoy y Alba,Dr. Gilberto Jurado,(159)882-6874x4337,francisco-javieririzarry@collazo.com
2315,Despacho Arteaga y Trejo,Abelardo Francisco Zepeda,01140755978,ede-la-garza@galvan.com
2316,"Grupo Bahena, Merino y Gallardo",Ing. Octavio Miramontes,082.382.8881,oblanco@briones.net
2317,Salas S.A.,Omar Cornelio Maldonado Olivares,554.284.6863,ddiaz@proyectos.net
2318,Proyectos Correa y Castro,Ana María Gloria Ibarra Griego,740-265-5859,ramonnavarro@de.com
2319,Anaya-Sarabia,Patricio José Lemus,805.143.8827x37490,ursula47@tejeda-barraza.com
2320,Corporacin Arellano-Palomo,Arturo Horacio Paredes Cadena,354.733.7025,anabel63@laboratorios.com
2321,Rivas-Rentería e Hijos,Rodrigo Andrés Rascón,922-396-6528,fernando41@sepulveda.com
2322,Ledesma y Mateo e Hijos,Esther Jaqueline Patiño Montes,1-925-076-3373x6435,isabelacarrasco@despacho.com
2323,Sanabria A.C.,Uriel Méndez Tamez,1-042-863-2310,conchitamunoz@salinas-lerma.com
2324,"Industrias Feliciano, Ortiz y Orozco",Elisa Helena Colón Camacho,083-402-8974x093,renatoornelas@club.com
2325,Ordóñez-Dávila y Asociados,Jerónimo Humberto Cornejo,1-626-718-8926x70136,vergaraesteban@ontiveros.com
2326,Despacho Reyna-Ramos,Patricia Lebrón Barrera,(477)204-5337,yvillalobos@zamora.biz
2327,Club Ozuna-Cornejo,Dr. Samuel Parra,(063)007-9823x38917,qflores@peralta-garcia.com
2328,Cardona-Santacruz,Nelly Aurora Olivo Collado,987-735-1059x734,dalia85@arce.com
2329,Ibarra y Reyes y Asociados,Srita. Paola González,616-629-0879x29686,soniaponce@regalado.org
2330,"Olmos, Godínez y Nieves",Nicolás Gerardo Padrón Alba,+75(5)0408413838,calvillocristobal@mateo.net
2331,Despacho Rodarte-Zambrano,Pablo Rosas Vera,(886)182-5616x64028,cejamarisol@colunga.com
2332,"Corporacin Oquendo, Prieto y Botello",Helena Arcelia Rojas,1-586-662-6570x43883,micaeladel-rio@laboratorios.com
2333,Escobar-Ortega,Sra. María Palacios,985-774-2735,cesar70@macias-rocha.com
2334,Club Jasso-Oquendo,Carmen Villagómez Paz,1-947-189-1668x073,arredondoandres@ramos-varela.info
2335,Padilla y Olivera e Hijos,Amador Duarte Crespo,+03(6)4238223552,angelzarate@despacho.biz
2336,Laboratorios Cardona-Cordero,Enrique Muro Holguín,094-113-9654x52551,uordonez@valencia.com
2337,Alvarez-Zamudio e Hijos,Lucas Diego Segura Rosario,720.314.3061,nicolas28@tafoya-velez.com
2338,Arenas y Zapata e Hijos,Sra. Liliana Zamora,1-818-923-7104x4907,cantumateo@hernandes.org
2339,Olmos e Hijos,Mónica Robles,580-391-2779x0538,emercado@galindo-heredia.org
2340,Ayala y Godínez S. R.L. de C.V.,Marisol Débora Gómez Serrano,+04(1)4326944104,luiscisneros@aponte.net
2341,"Nava, Treviño y Núñez",Eugenio Francisco Javier Huerta Valenzuela,819.342.1147x467,ines32@bravo-henriquez.com
2342,"Barrios, Reyes y Espinal",Ernesto Homero Gastélum,197-924-7617,bernardo35@laboratorios.com
2343,"Soliz, Juárez y Castañeda",Cecilia Marisela Gaitán Juárez,+69(7)5413263015,urenasocorro@grupo.com
2344,Grupo Benítez-Garrido,Miguel Angulo,503-860-7294,armandopartida@industrias.com
2345,Castañeda-Chavarría S. R.L. de C.V.,Berta Quintanilla Concepción,(558)679-3160x2786,silvanotellez@perea.biz
2346,Cepeda-Tamayo,Lucas Zelaya Montero,1-211-095-3161,carla67@quiroz-cantu.com
2347,Carrera-Cedillo,Srita. Ruby Terán,(810)423-8524x79655,angelica08@medrano-ibarra.net
2348,Zaragoza-Serrano y Asociados,Julio Vela Arteaga,(398)788-8999,rocio84@proyectos.com
2349,"Venegas, Aragón y Vásquez",Perla Maldonado Arriaga,219.899.0207,msamaniego@tejada.com
2350,Godínez-Almonte S.A.,Srita. Delia Fierro,770-529-7925x384,colonestela@garrido-collazo.com
2351,Grupo Cintrón y Muñiz,Noemí Saucedo,041-627-4221,yenicarrasco@melgar-madera.com
2352,"Laboratorios Serrano, Montez y Alejandro",Isaac Lucas Beltrán Almanza,(168)107-1377x97309,eugenio46@ramon.info
2353,Despacho Manzanares-Arenas,Ernesto Lugo,+44(0)1217856343,rbarrios@nava-apodaca.com
2354,Heredia S.A.,Eloy Raúl Puga,(667)756-4698x3633,armandovarela@industrias.com
2355,Despacho Verduzco y Véliz,Sra. Vanesa Sosa,014.618.7027x392,catalina78@despacho.com
2356,Corporacin Anaya-Sauceda,Concepción Granados,439-696-4773,pablosalazar@corporacin.org
2357,Laboratorios Briseño-Gurule,Darío Malave,+61(8)6946056927,beatriz05@munoz.biz
2358,Portillo-Verduzco,Felipe Hernán Garibay,812-580-2562x19747,tarreola@despacho.com
2359,"Grupo Peña, Mascareñas y Núñez",Manuel Arturo Ortega Baca,643-007-2476,walarcon@despacho.net
2360,Club Limón y Romo,Juana Yuridia Zavala,777.242.4278,david28@paz.net
2361,Club Caraballo-Crespo,Lic. Mateo Valverde,481.940.6812x7561,lozanoarturo@rodriquez.com
2362,"Santacruz, Jáquez y Soliz",Aldo José María Crespo,716-569-3865,echeverriaamador@irizarry-carranza.com
2363,Roybal S. R.L. de C.V.,Frida María del Carmen Roybal,+16(9)6202336270,xnieto@laboratorios.com
2364,Toledo y Villaseñor S.A. de C.V.,Vanesa Carlota Ferrer,1-435-129-0458,tgaona@zavala-narvaez.com
2365,Mojica y Asociados,Andrés Ledesma Mata,00666058809,mercedes24@industrias.com
2366,Grupo Correa y Noriega,Ana Luisa Claudia Carranza Carbajal,(866)028-9281x498,bmontez@rosario-urias.com
2367,Holguín-Urías e Hijos,Juan Carlos Briseño,153.833.6644x93474,camilogonzales@laboratorios.net
2368,"Proyectos Mondragón, Ortiz y Puente",Carlos Jesús Montez,816-096-4057x876,wamaya@rodriguez-tovar.com
2369,"Caldera, Linares y Rodríguez",Adán Regalado,(802)797-2730,villagomezpilar@viera.com
2370,Despacho Roldán-Loya,Socorro Ornelas Martínez,(988)438-6844x3806,fidel45@velasquez.info
2371,Industrias Barraza y Monroy,Yolanda Margarita Vélez,728.156.1302x3276,noemibustamante@limon.com
2372,Orozco y Solorzano S.C.,Itzel Paola Paredes,(718)175-3409,ocardenas@montanez.info
2373,Perea-Gamez y Asociados,Ing. Andrés Paz,+21(0)9162696967,eugeniasantana@grupo.biz
2374,Club Feliciano y Barragán,Ing. Minerva Delgado,(369)812-0067,bcotto@casarez.org
2375,Madera-Rocha,Arturo Cotto Tórrez,1-945-416-4607,montoyabenito@prado.biz
2376,de Jesús-Ulibarri S.A. de C.V.,Alvaro Aparicio,557-868-5922,gilbertoavila@olmos.com
2377,Razo y Malave e Hijos,Isaac Héctor Cervántez,018-034-2068x72170,elisa68@amaya.info
2378,"Collado, Castellanos y Blanco",María Teresa Barbara Contreras,046.583.6599,calderacristina@muniz.com
2379,"Pantoja, Dávila y de la Fuente",Alfonso Ricardo Ocampo Barajas,(021)305-0963x99478,sergiotamayo@jaquez-osorio.com
2380,Corporacin Quiroz-Madrid,Miguel Ángel Valverde Madrid,1-444-175-6661,fescamilla@grupo.com
2381,Alarcón-Carrero e Hijos,Ing. Judith Borrego,+32(1)6580872670,vanesa11@proyectos.com
2382,Zavala A.C.,Ing. Zeferino Segovia,06729193042,britomarisol@vigil-ballesteros.com
2383,Club Gaytán-Carranza,Roberto Mario Orta,672.241.2865,guzmanleonor@despacho.com
2384,Grupo Durán-Jaime,Srita. Vanesa Juárez,406-615-9222,villarealirma@ledesma.com
2385,Laboratorios Valentín y de la Garza,Ilse Villalobos Casanova,(321)172-4560,elias82@soto.com
2386,"Carrera, Razo y Serna",Ramón Saldaña Carranza,1-538-473-2420,frida03@narvaez.org
2387,Corporacin Romo-Alvarez,Cristina María Luisa Velásquez Cortez,046.998.1172x1370,eloisabecerra@saenz.info
2388,Proyectos Salinas-Avilés,Diego Humberto Bétancourt Archuleta,(621)083-0832,velizeric@laboratorios.com
2389,"Proyectos Barrera, Mendoza y Gutiérrez",Armando Rafaél Villegas,(307)313-9729,hduarte@riojas.com
2390,"Grupo Gómez, Sarabia y Rodarte",Mayte Alejandra Villagómez,+07(7)9642770978,isaac53@escobedo-soria.com
2391,"Despacho Gastélum, Casillas y Rincón",Ing. René Meza,1-195-442-3344x02588,alma10@laboratorios.com
2392,Solorzano e Hijos,Esther Nancy Meléndez Guerrero,05996460872,pascual77@menendez.net
2393,Rascón-Puga,Elena Negrete,1-247-811-0162,zunigalilia@herrera.org
2394,Despacho Perea y Valencia,Jorge Luis Arturo Oquendo,(919)070-4451,klomeli@grupo.biz
2395,Alcaraz-Carrero,Socorro Estela Sisneros Lozada,(524)671-9306,ines39@tafoya.com
2396,Corporacin Tejeda y Valle,Delia Cuellar,435.951.3331x69543,oscarelizondo@club.com
2397,Peralta-Salgado,Minerva Esquivel,(777)204-3971x88842,vcarranza@pizarro.com
2398,Murillo-Gamez y Asociados,Srita. Miriam Ibarra,+34(7)6964544066,isaac53@industrias.org
2399,Despacho Uribe y Anguiano,Bruno Reynaldo Saiz,(139)830-2005,cmondragon@laboratorios.biz
2400,Pantoja-Arreola,Ricardo Marco Antonio Barrios,1-136-406-9580x5184,luciosofia@saavedra.com
2401,Proyectos Casárez y Sepúlveda,Gabriela Villagómez,1-416-322-8556x336,ladame@corporacin.info
2402,Despacho Carvajal-Valdez,Renato Salvador Barrios Gutiérrez,+51(0)2719058147,tavalos@ocasio-cintron.com
2403,Villanueva S.A. de C.V.,Olivia Wendolin Raya Páez,854-346-4582x9546,helenafranco@grupo.com
2404,Jurado S.C.,Juan Lorenzo Coronado,425.301.2819,alberto01@chacon-villagomez.com
2405,Despacho Saavedra-Sandoval,René Oswaldo Loya,04656637070,modesto73@nazario.com
2406,Grijalva-Mayorga S.A. de C.V.,Lic. Emilio Castro,847-660-0974,velasquezespartaco@club.com
2407,Vaca-Calvillo S.A. de C.V.,Isaac Bernardo Tovar,940.048.9656,uriaspascual@valladares.com
2408,Ocasio-Valles y Asociados,María del Carmen Isabela Negrete Porras,02340015229,lozadaalvaro@munguia-alvarez.info
2409,"de Anda, Villaseñor y Jimínez",Agustín Bruno Cordero Cardona,1-220-943-4220x824,zamudiomaria-elena@rivas-resendez.net
2410,Galarza y Lomeli A.C.,Mateo Córdova,1-073-571-3618,qrobledo@serrano.com
2411,Curiel-Mayorga S. R.L. de C.V.,Emilia Matos Mejía,995-154-1436x04387,salvadorgollum@toledo.com
2412,"Apodaca, Polanco y Irizarry",Isaac Isaac Corrales,096.933.7579,camposaldonza@alfaro-tafoya.com
2413,"Ferrer, Vega y Mojica",Fabiola Mercado,505-296-5370,guadalupe68@zuniga.com
2414,"Ulibarri, Gracia y Marroquín",José Calvillo Sotelo,440.275.5470,lealjose@alonso-guajardo.com
2415,"Velásquez, Guevara y Olivares",Elena Luna,+21(1)0454980460,mmurillo@laboratorios.org
2416,"Partida, Quesada y Fajardo",Sr. Luis Manuel Núñez,+55(7)7390455436,martinespinoza@zapata-galarza.com
2417,Laboratorios Benavídez-Arredondo,Blanca Carvajal,(038)773-8007x78981,xurias@alba.biz
2418,"Saucedo, Sarabia y Lugo",Federico Bueno,(509)833-8127x249,cardenasrene@murillo.com
2419,Corporacin Ocampo y Sierra,Lic. Estefanía Romo,(384)395-3725x80153,lilia49@corral.com
2420,Proyectos Garza-Aranda,Abraham César Zúñiga Cervántez,860-173-8555x550,eugenio81@ocampo.com
2421,"Perea, Chavarría y Lucero",Dr. Luis Saldaña,041.108.0026x491,adrianavillalpando@holguin.com
2422,"Jáquez, Cintrón y Nieto",Óscar Jonás Gallegos Bustamante,1-791-053-7256x563,itzelfajardo@grupo.org
2423,Balderas-Alvarado,Alberto de la Garza Henríquez,(012)776-0662,wendolin95@tovar.com
2424,Calderón-Ceballos,Gloria Sánchez,(217)274-2194,loeraguadalupe@fierro-preciado.info
2425,Quesada-Barrios,Mitzy Francisca Villalobos,(899)126-3827x94145,abelardo97@proyectos.com
2426,Arredondo y Garibay y Asociados,Citlali Lara,(985)270-4973,vicente46@proyectos.com
2427,Hinojosa y Varela S.C.,Ofelia Casas Haro,01015221815,margarita81@grupo.net
2428,"Olivo, Apodaca y Sauceda",Concepción Gómez,351-139-5225,miriam45@almaraz.info
2429,"Trejo, Candelaria y Badillo",Fidel Eloy Ledesma,073.081.4142x375,tleal@lara-noriega.com
2430,Gómez y Esquibel A.C.,Lucas Jonás Iglesias,765-781-5916x6551,ycolunga@henriquez.com
2431,"Avilés, Carrera y Rosado",Israel Óliver Crespo,(294)531-9651,ylerma@proyectos.com
2432,"Proyectos Alarcón, Amaya y Solano",Zoé Garza Sisneros,094.207.9619x90979,vmendoza@gastelum-campos.com
2433,Alonzo y Solorzano S.C.,Ángela Merino,1-491-671-6567x098,fposada@casanova-pizarro.com
2434,Ferrer S. R.L. de C.V.,Carolina Sevilla Navarrete,1-940-154-1506x898,ernesto18@blanco-olivares.info
2435,Feliciano y Jurado S. R.L. de C.V.,Rolando Mayorga Carrión,1-496-675-7169x54023,fernandezsamuel@laboratorios.com
2436,"Villagómez, Montañez y Riojas",Francisco Vicente Morales,1-001-684-5122x402,leticiarael@despacho.com
2437,"Laboratorios Rivero, Orosco y Ávalos",Sr. Salvador Ortiz,1-262-922-5953x76210,leonel27@club.biz
2438,"Rivas, Negrete y Lara",Sra. Itzel Vélez,303.753.7450x883,pachecomarisol@industrias.com
2439,Ávalos y Ledesma S. R.L. de C.V.,Mariana Catalina Vergara,(279)191-6379,arandarene@concepcion.net
2440,Grupo Véliz-Quintero,Ing. Abigail Valentín,1-701-524-2443x102,hugocabrera@gallegos.info
2441,"Proyectos Aranda, Aranda y Villalobos",Jorge Guillermo Contreras Salgado,+98(3)1818034307,madridmaria@despacho.com
2442,Ulloa S.A.,Sandra Isabel Zamudio Tovar,1-685-819-7488x46748,jorgeespinal@proyectos.com
2443,Proyectos Mesa-Aguilera,Lic. Homero Riojas,07426588406,jbravo@corporacin.biz
2444,Camarillo S.A.,Sr. Rodolfo Cantú,06076210969,cynthiaduran@ocampo-valentin.com
2445,Dueñas y Almaraz S.A.,Juan Esquivel Barrios,(109)244-3295,abraham56@lira.biz
2446,Salazar-Delgadillo,Lic. Darío Salazar,(318)897-0604x46203,slerma@roldan-benavides.org
2447,Pulido-Romero,Horacio Cordero,142-114-0781x36649,noeliaalarcon@baez.com
2448,"Grupo Ríos, Carrero y Garay",Dr. Isaac Saiz,+64(9)2225716400,jaqueline95@corporacin.com
2449,"Proyectos Narváez, Portillo y Manzanares",Karla Dulce Zayas,180.120.6335x759,mlaboy@mata.com
2450,"León, Ochoa y Pichardo",Josefina Karla Quintana Herrera,1-134-816-9403x2422,pinapedro@feliciano-chacon.com
2451,"Laboratorios Cepeda, Casares y Malave",Ariadna Adriana Alemán,(983)590-0581,dulcenavarrete@loya-pabon.org
2452,Medrano S. R.L. de C.V.,René Gabino Rosales,(539)790-0578x341,torresbruno@muniz.com
2453,Galarza S.A. de C.V.,Ing. César Fuentes,(402)942-2085x950,felipecolunga@murillo-miramontes.org
2454,Velasco-Negrete S. R.L. de C.V.,Gustavo Armando Zúñiga Quiñones,06655360181,rodrigezabel@grupo.com
2455,Laboratorios Mota-Fernández,Débora Osorio,04491792165,marreromaria-del-carmen@barajas-camacho.com
2456,"Uribe, Samaniego y Domínguez",Berta Bianca Salcido,702.153.8450,ariadnamelgar@riojas.com
2457,Coronado-Carvajal,Augusto Escalante,(346)662-9136,eloymesa@industrias.com
2458,"Acevedo, Bermúdez y Lovato",Beatriz Victoria Ceja,+58(4)9844753936,amayahermelinda@industrias.com
2459,Grupo Guevara y Porras,Dra. Anabel Quintero,180.075.6582,aldonza48@industrias.biz
2460,Cisneros-Farías,Miriam Ruiz Acevedo,1-073-090-7294,carmen36@paez.com
2461,Proyectos Zarate y Palacios,Rafaél Leonardo Gurule Flores,(975)470-1121x4359,rebecagaytan@grupo.com
2462,Montoya-Peña,Rosalia Olivas Alcaraz,(028)744-7706,maria13@corporacin.com
2463,Corporacin Limón-Cedillo,Jerónimo Armendáriz,884-393-9396x062,iestrada@grupo.com
2464,"Club Sandoval, Rodríguez y Leiva",Esparta Murillo Perea,1-031-868-6592x79948,del-vallepaola@lozano.net
2465,Club Saldivar-Castellanos,Dra. Raquel Blanco,199-413-6447x72911,wilfrido01@club.com
2466,Villareal-Ocasio,Modesto David Morales,828-442-7180x4559,del-riomaria@carrillo-cuellar.info
2467,"Proyectos Manzanares, Quiroz y Noriega",Zoé Elisa Ornelas,1-183-704-7023,pcastaneda@corporacin.net
2468,Despacho Chapa-Aguilar,José Luis Serrano,03979519624,isaac40@najera-santillan.info
2469,Grupo Naranjo-Yáñez,Rufino Zacarías Serna,552-292-9770x2598,angelica85@linares-chacon.com
2470,Lozano-Sandoval e Hijos,Conchita Olivia Carranza Escamilla,896.733.5370x6323,acostarosalia@quintana-briones.org
2471,Moya-Romero y Asociados,Cynthia Caridad Yáñez,166.215.6748,fflorez@proyectos.com
2472,Club Orozco y Guerrero,Lourdes Ayala,687-175-8405,danieltapia@meraz.com
2473,Industrias Serrano-Rodarte,Blanca Marcela Cortez,1-460-034-1058x828,pamaya@bueno-romero.org
2474,"Laboratorios Valles, Rael y Holguín",Adriana Almonte Zayas,064.407.1253x461,melendezalicia@echeverria-hurtado.com
2475,Club Valencia-Enríquez,Claudio Nájera Urías,01308395311,omejia@mora-cavazos.com
2476,Corporacin Menchaca y Baca,Norma Pichardo,+71(3)7667080606,montalvoclemente@longoria.com
2477,Toledo-Girón,Rodolfo Hernán Alonzo Calderón,(440)790-4389x35317,humbertolopez@cardona.com
2478,Corporacin Blanco-Barrera,Gregorio Berríos,(812)689-2658,aldonzadelgado@grijalva.org
2479,"Sanches, Treviño y Mejía",Aldonza Yolanda Parra,456.847.0931x9579,kmenendez@duenas-guerrero.org
2480,"Proyectos Hidalgo, Zúñiga y Herrera",Srita. Abril Rivas,845-784-4902x30771,trinidad65@cornejo.biz
2481,Benavídez A.C.,Emilia Rael,(910)818-9813x780,carranzabenjamin@club.com
2482,"Corporacin Mata, Godínez y Cervantes",Leonor Rodrígez Cervantes,01951109452,wmoreno@despacho.com
2483,Macías-Puente,Abraham Abel Aguilar Tejada,887-641-4377x2228,alejandra69@despacho.com
2484,Loera-Terán S. R.L. de C.V.,Alonso Oswaldo Fernández,761-990-3777,ernestocalderon@de.com
2485,Proyectos Rentería y Matos,Srita. Diana Menéndez,(515)149-4007x4672,natividadreynoso@cano-sosa.net
2486,Despacho Arreola-Quiñones,Trinidad Alma Mejía,(955)870-4253x77696,iharo@juarez-villagomez.biz
2487,Ruelas y Asociados,Ernesto Trujillo Rodarte,1-723-805-7121,lpulido@olvera.info
2488,Corporacin de la O y Soria,Sra. Socorro Jaimes,(685)446-0688,judith99@grupo.com
2489,Laboratorios Aparicio y Ledesma,Dr. Bernardo Romo,534.856.4504x4624,maressusana@despacho.biz
2490,"Loera, Cadena y Ruiz",Amador Bañuelos García,790.474.2120,bortega@sanches-alvarez.net
2491,Peralta-Villaseñor A.C.,Rolando Santiago Calderón Salinas,+88(8)0724207530,jrios@club.biz
2492,Gastélum y Leiva S. R.L. de C.V.,Miriam Pulido Bañuelos,05008585491,catalina51@salgado.com
2493,Club Barragán-Zavala,Carmen Palomino Caballero,186.709.6837x201,iherrera@huerta-rios.com
2494,Grupo Melgar y Urrutia,Serafín Lucas Frías,813-004-3625,hvalverde@guillen-zarate.com
2495,Montalvo S. R.L. de C.V.,René Pablo Olivares,(404)661-0106,vegaanabel@nunez-bustos.net
2496,Laboratorios Córdova y Vela,Lucía Meléndez,1-661-450-1818,xvaldivia@gaytan.info
2497,"Proyectos Fierro, Olmos y Benavídez",Jonás Antonio Linares de la Crúz,(618)912-4152x12193,maria-del-carmenrenteria@despacho.com
2498,Laboratorios Crespo y Santiago,Ing. Raquel Muñoz,1-377-564-1089x452,roquegilberto@laboy-aguayo.info
2499,"Iglesias, Viera y Luna",Evelio Genaro Altamirano,1-845-522-5549x4228,david41@proyectos.com
2500,Mascareñas-Suárez y Asociados,Barbara Elsa Galarza,330.561.3111x37236,gayala@laboratorios.com
2501,Laboratorios Coronado-Bermúdez,Augusto Camilo Sevilla,1-098-308-7993x3309,escobedoleonor@zepeda-valenzuela.biz
2502,Cuellar A.C.,Cecilia Valenzuela,1-681-814-3358x6283,juana80@torres-sosa.info
2503,Villaseñor y Pulido S. R.L. de C.V.,Maximiliano Pantoja Valadez,902.446.4423x598,gjurado@despacho.com
2504,Industrias Arevalo-Rubio,Esparta Colunga Corral,489-801-4768x98363,mezarocio@munguia.biz
2505,Laboy-Ayala,Héctor Tijerina,545-367-9326,marianohurtado@rael-baeza.com
2506,Rojo-Muñoz,Ing. Leticia Briseño,1-446-658-4908x95710,yarmas@caldera-hidalgo.com
2507,Grupo Gallegos-Mojica,Ing. Adela Ocasio,855.229.5094,marco-antonio60@industrias.biz
2508,Tejada-Cardona,Eva Guillermina Quiñónez Mata,1-682-636-9008x973,garciadulce-maria@aragon-rivero.com
2509,"Quezada, Henríquez y Galván",Isaac Aguayo,1-705-550-1333x4317,ineslomeli@garrido.net
2510,Gollum-Hinojosa A.C.,Julio César Cornelio Arriaga Casillas,1-852-632-3107,gloria78@club.com
2511,Despacho Brito-Bustamante,Linda Orosco,272-634-0188x1497,ghidalgo@santacruz-castro.info
2512,Moya-Candelaria,César Villanueva,828-827-6343,elsa35@cano.net
2513,"Terrazas, Estrada y Mateo",Lic. Gabriel Robledo,(571)472-7479,geronimozapata@quintanilla.com
2514,Grupo Pineda y Quintero,Aurora Colunga,155.423.7399x77041,amanda88@botello.com
2515,Grupo Guerrero y Nazario,Sra. Laura Guerra,877-554-8400,isaac10@villanueva.com
2516,Pantoja y Acuña A.C.,Ing. Yolanda Perales,(679)399-2783x60798,valverdeines@proyectos.org
2517,Laboratorios Guerrero y Solís,Adalberto Carlos Esparza,240-831-9526x467,patricio56@laboratorios.com
2518,Navarrete S.A. de C.V.,María Elena Miriam Soliz,(488)059-5474x20028,mateomaestas@laboratorios.com
2519,Proyectos Linares-Espinoza,Sofía Serrano,+13(7)2492884096,fmateo@industrias.info
2520,Cardona-del Valle S.A.,Omar Chapa Briones,1-980-560-2224,oaranda@laboratorios.com
2521,Téllez y Alfaro A.C.,Nancy Gloria Alarcón,642.938.5550x7932,archuletalucia@laboratorios.com
2522,Garay-Arenas,Asunción Abigail Sepúlveda,570.419.3640,glara@cardona-castaneda.com
2523,Grupo Loera-Carreón,Emilio Velázquez,010.232.3213,margaritamascarenas@leyva-escobar.info
2524,Corporacin Arce y de León,Bruno Gustavo Bravo Orosco,00199532105,psandoval@laboratorios.com
2525,Laboratorios Mejía y Casárez,Dra. Vanesa Casillas,979.817.6301x9115,luis-miguel16@avila.com
2526,Abreu-Madera,Miriam Chapa,+64(5)6200983273,jnazario@industrias.com
2527,Despacho Mascareñas-Ochoa,Lilia Rivera Cabrera,(712)794-4013x059,ucedillo@grupo.org
2528,Armas y Reynoso e Hijos,Adán Ortiz,(688)786-1920x2285,bernabe40@club.biz
2529,"Corporacin Ballesteros, Camarillo y Matos",Socorro Caridad de Jesús,1-848-190-6045,emiliaulloa@leyva-rojo.com
2530,Puente-Madera S. R.L. de C.V.,Teresa Ariadna Roybal Concepción,1-126-981-5334x5338,luis-manuel09@club.net
2531,Grupo Carvajal y Arteaga,Alvaro Pascual Mondragón Corral,+56(4)5980344058,elvira59@berrios-vergara.info
2532,"Laboratorios Guerrero, Zelaya y Montaño",Gilberto Lucio Madera,1-920-954-5549x12831,regaladomicaela@industrias.com
2533,Grupo Vela y Meza,María Cristina Lucio,796-304-9550,esparta86@despacho.net
2534,Industrias Barela-Alcántar,Yuridia Valle Cruz,121.189.4623,botelloelvia@negron.com
2535,"Garibay, Abrego y Arriaga",Dr. Felipe Maya,1-015-640-7556x9414,nquintero@concepcion-santana.org
2536,"Córdova, Negrete y Rojo",Estefanía Violeta Campos Orozco,06566576406,omarolivera@molina-sauceda.com
2537,Carrillo y Bravo A.C.,Olga Leticia Rico,1-693-924-9623x4436,josefinamata@montanez-pelayo.com
2538,Club Zamora y Linares,Marcela Ruby Longoria Barrientos,333.601.0786x760,marco-antonio45@flores.net
2539,Porras-Naranjo,Sr. Zeferino Orozco,08464876085,tornelas@alvarez.com
2540,Corporacin Cedillo-Terrazas,Leonor Conchita Colón,192.173.6656x673,ocasiobenjamin@covarrubias.info
2541,Proyectos Esquivel-Pedraza,Yeni Ramírez Paz,04766571640,jacoboortega@cavazos-estevez.com
2542,"Proyectos Mojica, Rangel y Delgado",Ing. Teodoro Brito,1-648-261-4810x995,zserna@valenzuela-guevara.com
2543,Salas A.C.,Gerardo Carrillo,667.053.3085,zamudiomagdalena@industrias.biz
2544,"Elizondo, Maldonado y Trujillo",Dra. Liliana Vázquez,01030897586,maria-teresaamaya@despacho.biz
2545,Ortiz-Palomino,Felipe Abel Osorio,1-548-539-6104,serratomarisol@mascarenas.info
2546,"Proyectos Verduzco, Solorzano y Rubio",Mónica Hernandes Avilés,(493)871-3899,fabiolavanegas@corporacin.com
2547,Toro-Altamirano S.A. de C.V.,Débora Silvia Bañuelos Castellanos,1-952-614-5782x4566,elviagallegos@munoz.com
2548,Patiño-Estévez,Rosa Paola Puga Girón,07333856836,estela00@mendoza-aponte.com
2549,"Grupo Casares, Porras y Corrales",Srita. Débora Medina,213-433-5712x057,raquel21@laboratorios.com
2550,"Santana, Escobar y Tamez",Ing. Carla Segura,1-024-564-5310x769,romoangel@velez.com
2551,"Rivero, Malave y Jaime",Javier Villa,457.161.5633,aalmaraz@alfaro-berrios.com
2552,Grupo Barrios-Dueñas,Agustín Gil,726-847-3081x690,ana-luisaanaya@laboratorios.com
2553,"Concepción, Sarabia y Montalvo",Adela Laureano,485-116-8839,diegobarragan@proyectos.net
2554,Suárez-Razo S.A.,Guillermo Olvera,766-829-3007x370,juanaregalado@lopez.com
2555,Industrias Mondragón y Alfaro,Minerva de la Fuente,704.455.4283,sandra88@hernandez.com
2556,"Grupo Tórrez, Armendáriz y Montero",Lic. Silvano Jaime,898.301.8608x07539,vanesavillanueva@nunez-razo.biz
2557,Anaya y Asociados,Dr. Octavio Arenas,1-839-654-8943x3805,daliagodoy@club.net
2558,Hinojosa y Asociados,Silvia Sonia Urrutia Bañuelos,445.292.5824,llamasmaria-del-carmen@valdez.com
2559,Vázquez-Delgadillo A.C.,Olga Fierro,00587686946,ulloarolando@olivo-medrano.info
2560,Hurtado-Cano,Nelly Tania Regalado Marrero,(105)663-2624x63025,vtorres@miranda.info
2561,"Perea, Ornelas y Rincón",Marco Antonio Amaya,211.245.8615,ilse99@corporacin.com
2562,"Serna, Figueroa y Covarrubias",Linda Carmen Tejada Villalobos,082-371-0596x02339,lebronestefania@grupo.com
2563,"Grupo Saiz, Mata y Toledo",Camilo Marco Antonio Cervantes,969.718.5114,dquintanilla@olivo-fierro.com
2564,Farías-Soria A.C.,Ing. Carmen Rivera,611-891-9283x4402,qarmenta@corporacin.org
2565,Lerma y Galindo S.A. de C.V.,Sr. Pedro Mascareñas,(420)495-4928x7675,urazo@proyectos.biz
2566,Marrero-Monroy,Silvano Cedillo,(413)373-3264x08194,salvador89@concepcion.net
2567,"Grupo Robles, González y Munguía",Lic. Barbara Vázquez,157-864-4829,zbetancourt@despacho.net
2568,Amaya y Aranda A.C.,Sra. Josefina Cotto,(652)122-5624,mario76@proyectos.biz
2569,"Montez, Hurtado y Navarro",Sara Sandra Peres,037.070.1095x575,judithtafoya@corporacin.com
2570,Club Cabán y Candelaria,Sessa Anel Valadez Montez,1-691-178-1887x58158,tafoyaruby@chavez.com
2571,Sisneros y Jaramillo A.C.,Sessa Rivas,09571562100,holguinines@vasquez-lovato.com
2572,"Méndez, Prieto y Sevilla",Paulina Arellano Baca,1-708-614-6391,colladoflorencia@grupo.com
2573,Piña y Chavarría S.A.,Hernán Modesto Acuña,02605629266,miguel-angeloquendo@despacho.com
2574,Proyectos Canales-Heredia,Marisol Quesada,029.862.8118,ferrergerardo@soliz.com
2575,Villanueva-Barrientos S.A.,Mayte Escobar Porras,747.888.2459,zunigalilia@tejeda.com
2576,Industrias Casárez y Salazar,Federico Cristobal Uribe Solano,(392)754-1387,nievesadela@proyectos.com
2577,Medrano y Mora S.A.,Ignacio César Ferrer Pérez,070.249.9141x0717,kserrano@saldivar.biz
2578,Abrego S.A. de C.V.,Gabriela Monroy Samaniego,427.537.3732x6953,qcontreras@corporacin.com
2579,Club Villareal-Mascareñas,Humberto Gerardo Peña,200.912.5853x4029,galfaro@gracia-sarabia.org
2580,Alonzo y Puga e Hijos,Sr. Augusto Flórez,489.678.2637x692,clara10@vazquez-zapata.com
2581,Trejo-Altamirano,Ing. Omar Linares,+50(5)1594906035,dcuellar@olmos.com
2582,Arenas-Baeza y Asociados,Sra. Mariana Cantú,537.281.7740x8988,guadalupe97@galindo-benavidez.com
2583,López-Medrano e Hijos,Luis Miguel Isaac Gallegos,398.288.3670x09741,yurena@proyectos.com
2584,Caldera y Villagómez e Hijos,Natividad Rico,(307)557-8616,maria-luisa41@proyectos.org
2585,Grupo de Anda y Alonzo,Florencia Laura Domínguez,+66(7)2983619410,josefinadiaz@ferrer.com
2586,"Marrero, Ybarra y Corrales",Ana Godoy,05122658177,nadiaenriquez@rocha-tamez.biz
2587,Club Tamez y Carbajal,Francisco Adán Melgar Garay,526-001-1812,alejandrorosado@industrias.com
2588,Collado-de la Crúz,Daniel Guillermo Farías,652.101.0745x20500,barrerapatricia@carrion.com
2589,Castañeda-Botello e Hijos,Javier Agustín Madrigal,02250112875,solizjose-emilio@robles.org
2590,Villalpando S.C.,Rodrigo Aguilera,1-991-493-7191x045,madrigalgerman@club.info
2591,Parra-Barela A.C.,Dra. Noelia Gaytán,(835)912-7536,tomasrojas@moreno.com
2592,Laboratorios Manzanares y Rolón,Adriana Vélez Barrios,835.636.4058x588,camarillomaria-del-carmen@montez-raya.com
2593,Altamirano y Quintero y Asociados,Isabela María Eugenia Polanco Prieto,710-610-4203,rojasluis@gonzalez-valenzuela.net
2594,Proyectos Sanches-Barraza,Rosalia Robles Terán,+07(8)6169008534,umenchaca@quinones.net
2595,Holguín-Luna,Dr. Silvano Iglesias,692-662-6395,vigilliliana@gil-tellez.com
2596,Corporacin Maestas y Bétancourt,Ilse Dueñas Vela,927.777.1358x99616,baezaemiliano@despacho.info
2597,Barreto y Toledo S.C.,Ing. Sonia Sosa,929-309-0772x58400,pedrozajose-manuel@alvarez-vigil.com
2598,"Olivo, Ortega y Acosta",Abigail Peña Sierra,1-025-528-8973x7840,qalba@verdugo-amador.com
2599,"Proyectos Casárez, Partida y Cano",Marcela Carla Espino Samaniego,1-730-905-3301x9251,clerma@holguin.com
2600,Armenta-de la Rosa S.A.,Gerónimo Mauricio Lozada,1-471-565-0371x50074,karinacordova@terrazas.com
2601,Despacho Colón-Cardenas,Carmen Palacios Delgadillo,+76(7)9575718697,barbaraaleman@pulido.org
2602,Guevara y Piña S.A. de C.V.,Marcela Verduzco,923-151-1081,msepulveda@gil-mendoza.info
2603,Bahena-Villareal,Lucas Pizarro,176.588.1883x76061,ibernal@mondragon-baca.com
2604,"Industrias Estévez, Carrión y Roque",Celia Perea,083-444-3402,zeferino99@badillo-segura.info
2605,Cardenas y Sáenz S.A. de C.V.,Josefina Trinidad Gurule,1-790-381-8683,cornelioaguirre@figueroa.biz
2606,Longoria-Gonzales S.C.,Carlos Casillas Centeno,992-897-2249x761,wilfridotellez@rojo.com
2607,Despacho Alonzo y Tejeda,Caridad Esperanza Narváez,1-115-718-2652,evacarrion@padron.com
2608,"Piña, Pulido y Munguía",Itzel Natalia Henríquez,+42(9)1037497364,debora71@proyectos.com
2609,Preciado y Madera A.C.,Irma Rojo Chacón,03191396839,de-la-garzajaqueline@industrias.info
2610,Grupo Alemán-Saldivar,Augusto Flavio Navarrete,+33(6)6894949278,elenarolon@leiva.com
2611,Corporacin Meraz-Razo,Salvador Jesús Navarrete,968-472-7604,delgadomaria-cristina@romo-sanabria.com
2612,Bustamante y Olmos S. R.L. de C.V.,Dra. Estela Marín,(839)632-4700,joaquin95@juarez-rodarte.com
2613,Arce S.C.,Benjamín Olivera,(080)682-4239x9776,mmaya@industrias.net
2614,Industrias Campos y Ureña,Violeta Indira Zepeda Vela,+58(8)4194824641,tafoyaliliana@gomez.com
2615,"Razo, Armenta y Almanza",Barbara Lorena Zarate,1-847-381-0637,quinonesjonas@valenzuela-nieves.com
2616,Grupo Orozco-Barragán,Emilia Georgina Arredondo,1-464-985-9017,jorge40@becerra.com
2617,Alvarado-Loya S. R.L. de C.V.,Jerónimo Rascón,(141)277-0153x3879,veronicatijerina@proyectos.org
2618,Corrales-Guajardo,Tania Castañeda,187.400.7432x62843,mateoruiz@arguello.biz
2619,Chavarría y Villaseñor S.A. de C.V.,Dr. Hugo Rosales,(226)472-8333,modesto26@gamboa.com
2620,Laboratorios Ramírez-Menéndez,Asunción Marisol Moreno,344-173-0981x8192,vanesa24@de.biz
2621,Corporacin Zarate y Salcedo,Citlali Chapa Serna,1-832-093-9749x80092,cristinaquintero@tejeda.com
2622,"Corporacin Montalvo, Jimínez y Villegas",Ing. Héctor Malave,973-726-8323,patriciotejada@grupo.com
2623,Gaona y Salcedo S. R.L. de C.V.,Arcelia Gómez Villegas,1-116-531-2645,cochoa@quintero-aragon.info
2624,Roque-Cabán,Rosalia Briseño Tirado,333.562.5501,amaliaurena@despacho.com
2625,Gonzales-Quintana,Darío Alva,(220)173-8226x06868,operez@rosales.org
2626,"Limón, Tórrez y Tirado",Elisa Perla Saucedo,1-568-192-9959x110,rebecasotelo@industrias.com
2627,Varela S.A.,Martín José Luis Espinal Cazares,694.863.2013x0653,jorgegranado@batista.biz
2628,"Mares, Carranza y Benavides",Arcelia Olmos Lozada,1-465-923-9659x78269,avilalorena@acosta.info
2629,Farías S.A.,Luis Manuel Alfredo Alcántar Suárez,843-913-4973x1053,felipecruz@marquez.com
2630,Industrias Colunga-Granados,Blanca Lucía Aponte,00972893821,silviacabrera@calderon.com
2631,Pedroza A.C.,Ing. Micaela Madrid,1-704-209-7766x3100,amalia31@grupo.com
2632,Grupo Rojas y Bétancourt,Lic. Ernesto Montemayor,+76(2)3327509444,emiliosaldivar@laboratorios.com
2633,Otero-Bonilla,Yeni Micaela Rojo,630.737.2257x58483,mfrias@quiroz-apodaca.com
2634,Proyectos Serna y Valdés,Aurora Aguayo,957-882-2335,nchacon@proyectos.com
2635,Grupo Perales-Madrid,Adán Cornelio Holguín,423-056-6577x60612,geronimo74@corporacin.com
2636,"Grupo Terán, Sepúlveda y Valladares",Rufino Amador,169.646.6802,evaca@laboratorios.com
2637,Pineda y Ponce A.C.,Homero Óscar Núñez Ureña,1-976-646-9265,elizondomaria-eugenia@club.biz
2638,"Laboratorios Tovar, Elizondo y Mercado",Ing. Miguel Ángel Ojeda,447.820.0137,psegura@crespo-solorio.com
2639,Ceballos y Jaime S.A.,Hugo Perea Navarro,521.705.7267,jvega@despacho.com
2640,Despacho Jasso y Espino,Alvaro Ruelas,1-900-121-5323x884,vargasperla@nevarez-mireles.biz
2641,Club Casillas-Valdés,Amador Juan Carlos Feliciano,09854480667,tjuarez@cintron.com
2642,Ozuna-Montero,Cristobal Leonel Matos,737-042-1415,modestovaca@quinones.com
2643,Aguayo S. R.L. de C.V.,Indira Juárez,069.357.6338,escamillajulio@luevano-esquibel.com
2644,"Arredondo, Orozco y Correa",Felix Salcido Paz,+20(7)0737366803,puentepatricia@puga.org
2645,Jiménez S.C.,Alejandra Amanda Miramontes,1-931-994-9344,ordonezenrique@armas-escobar.net
2646,Valentín y Coronado S.C.,Darío Jerónimo Miramontes Merino,1-419-450-8906x603,rgonzales@verduzco.com
2647,"Berríos, Peña y Valles",Cornelio Guillen,1-363-452-8043,jose-carlosolvera@corporacin.com
2648,"Madrid, Vigil y Laboy",Ariadna Hermelinda Cotto,868-159-1567x40794,quinonesteresa@pina.net
2649,Chávez-Montañez,Ana María Karina Angulo Cortés,1-982-248-9714x70675,cmendoza@almaraz.com
2650,Ramírez y Pérez S.A. de C.V.,Abril Silvia Marín Valdés,(016)561-2466x256,cristian25@pichardo-cervantez.net
2651,del Río S.C.,Hernán Ernesto Coronado,474-697-8513x6819,margarita04@laboratorios.net
2652,Arias e Hijos,Mauricio Darío Cabán Ramón,04112129058,daniel93@de.com
2653,Laboratorios Madera y Vigil,Lic. Aldo Robledo,182-952-1938x5222,germanbarraza@grupo.com
2654,"Club Verdugo, Razo y Aguilera",Dr. Aurelio Delgado,+60(5)3954328451,normavalle@industrias.net
2655,"Grupo Bermúdez, Acosta y Quezada",Sr. Guillermo Suárez,1-642-730-0920x188,xballesteros@zamora.com
2656,Proyectos Jurado-Badillo,Claudio José María de León,016-807-3281x9750,jsalas@santacruz-valadez.org
2657,Prado S.C.,Sara Badillo Mesa,(553)400-2671x617,fabiolarael@gonzalez-valles.com
2658,Laboratorios Cabán y Porras,Arturo Reynaldo Palomo,1-814-218-5929x3004,paola22@club.com
2659,"Partida, Castellanos y Carrión",Jaqueline Rivas,+01(0)9207378665,wendolin71@meraz-rosas.org
2660,Espino S.A. de C.V.,Gabino Ricardo Peralta,1-176-737-2725,oterojuan@gaona-casarez.com
2661,Benavídez-Arredondo A.C.,Lic. Raquel Cardenas,(998)248-6131,abregojuan@solis-alvarez.info
2662,Báez-Villanueva,Emilio Andrés Hernandes,1-593-879-5963x84535,cecilia81@olivo.com
2663,Espino y Asociados,Eloisa Karina Estrada Rivero,(570)815-1807x78336,daliabarela@laboratorios.com
2664,Ramos-Montez S.A.,Ángel Alonso Chacón,(689)742-7571x489,del-valleberta@ceja-calvillo.biz
2665,Fierro-Saldivar S. R.L. de C.V.,Ing. Mauricio Heredia,+15(8)6684927254,jonas83@corporacin.com
2666,Soliz e Hijos,Sra. Carla Cuellar,943.971.5010x23941,victoria29@banuelos.com
2667,Casas S.C.,Esperanza Rosalia Calderón Valverde,(832)495-1109,brazo@corporacin.biz
2668,Proyectos Lugo y Reyna,Margarita Rivas,(297)467-9307x217,diegovigil@club.com
2669,"Serna, Hernandes y Orozco",Dr. Renato Sanabria,457.635.8731,brionesmarcos@lomeli-duenas.net
2670,"Rodrígez, Lara y Maya",Florencia Gloria Garrido,03281561368,mariogracia@industrias.biz
2671,Sierra S.A. de C.V.,Trinidad Susana Quintanilla,(072)480-1879,ycanales@zedillo.com
2672,Matos-Crespo,Margarita Victoria Caraballo Beltrán,275.073.6132,maestasclaudio@haro.com
2673,"de León, Santillán y Cadena",Ing. Norma Bétancourt,01307366196,lcarmona@villalpando.org
2674,Soria y Barrera S.C.,Leonel Juan Saiz Cabrera,168-265-9700,kgalvan@chavarria-razo.com
2675,Despacho Moreno-Castañeda,Ing. Silvia Almaraz,627.316.7349x9284,eloisasaavedra@caballero.com
2676,Mejía S.A. de C.V.,Irene Carreón,061-268-7370,jiminezrenato@roybal.com
2677,Proyectos Salcedo-Vaca,Diego José Carlos Ybarra,339-919-7936x8642,matadaniel@cepeda-ornelas.com
2678,Villagómez e Hijos,Daniel Raúl Corona,756.539.9837x673,doloresmaldonado@club.info
2679,Despacho Brito y Iglesias,Felipe Jorge Chapa Ruelas,(943)407-1627x66478,liliana60@olivo-henriquez.com
2680,Altamirano-Pacheco,Karina Amanda Corrales,729.451.3560x9901,lilia06@baeza-portillo.com
2681,Abreu-Figueroa e Hijos,Dulce Trinidad Contreras,(237)505-4322x602,rvalencia@echeverria.biz
2682,Club Meza y Yáñez,Ing. Ramón Rosas,1-023-071-0564x00674,nieveslinda@saldivar.com
2683,Terán S.C.,Sr. Jacobo Negrón,+75(7)6449639214,vargascelia@grupo.com
2684,"Navarrete, López y Mejía",Silvano Augusto Polanco,+02(2)2656799266,tomasgiron@laboratorios.com
2685,"Industrias Arias, Terrazas y Ordóñez",Silvia Valdez Olivas,04692119368,enaranjo@despacho.info
2686,"Ruelas, Alcala y Henríquez",Ing. Nicolás Batista,(694)139-0408x0862,abrilmenchaca@campos.info
2687,Villa S.A.,Teodoro Benito Elizondo,1-125-953-5324x12666,ursulaarmenta@valenzuela.biz
2688,Acosta e Hijos,Porfirio Roberto Meraz Maestas,01112015026,mezabeatriz@laboratorios.com
2689,"Despacho Ávila, Marrero y Muñiz",Ramiro René Rodríquez Palomo,(688)090-4952,vamaya@sanchez-negrete.com
2690,"Lebrón, Cabrera y Ferrer",Carolina Noemí Carbajal Caraballo,231-448-8636,csantana@industrias.com
2691,Valle-Ybarra S.C.,Cristina Patiño Montemayor,005.628.4432x908,cabanelena@yanez.com
2692,Industrias Mena y Puente,Evelio Juan Cabán,1-100-374-9212,pereapilar@arce.info
2693,Ramón-Cabán S.A. de C.V.,Hermelinda Olmos Chavarría,1-394-764-6914x57859,venegasamanda@zarate-urbina.com
2694,Ybarra-Ballesteros S.A. de C.V.,Aida Dulce Cazares,625-103-1530x870,mauroabrego@corporacin.info
2695,"Peres, Uribe y Vaca",Abril Lorena Lozada Burgos,+80(9)1072996722,lorena55@mondragon-ramos.com
2696,Corporacin Fierro y Leyva,Sra. Luz Bermúdez,(003)570-5833x49437,irma50@frias.com
2697,Industrias Enríquez y Sarabia,Yuridia Delia Núñez,1-341-152-5641x6506,manuel30@lucero-ballesteros.biz
2698,"Negrón, Camarillo y Leal",Carmen Olmos,(272)563-9300x9224,bustosguadalupe@casanova.com
2699,"Salas, Guardado y Carreón",Florencia Celia Barraza Cano,1-219-269-3609,earenas@proyectos.com
2700,Despacho Alva y Guajardo,Lic. Lourdes Toro,635-941-2307x5674,pablo77@zuniga.com
2701,Grupo Navarro-Pedraza,Pedro Narváez,06031219144,juan-carlostoro@marrero-meraz.com
2702,Guevara S.A.,Yeni Estela Candelaria Monroy,642-255-9227,elizondoruby@rodrigez.com
2703,Caraballo-Lozada,Judith Dávila,783.284.5381x2916,rbaez@amaya.org
2704,Laboratorios Piña y Torres,Amalia Anabel Rodrígez Colunga,05184744000,patricio31@grupo.com
2705,Grupo Cortés-Quintanilla,Isaac Iván Muñoz Aragón,893.476.4995,jose-mariacorona@feliciano-rojas.com
2706,Grupo Patiño-Quintanilla,Juan Hugo Ulibarri,351-454-6260,ana-luisa38@mota-montez.net
2707,Vázquez-Villalpando A.C.,Norma Bañuelos,477.449.9585,patriciacantu@barrios-garica.com
2708,Grupo Bonilla y Escamilla,Marco Antonio Bruno Regalado,(251)973-1029x833,collazoelvira@cisneros-sanches.com
2709,Rael S.A. de C.V.,Lic. Nayeli Tijerina,105.484.0438x008,aparedes@solano-bernal.com
2710,Club Cortés y Concepción,Gerardo Gaitán,469-549-4659x205,liliana88@avalos-robles.com
2711,Rivas-Zaragoza A.C.,Cristina Soledad Báez,726.925.2320x996,cconcepcion@corporacin.com
2712,Cervántez-Archuleta,Roberto Linares Armenta,588.222.7248x599,cristiansaldana@santiago-rodriguez.info
2713,Corporacin Avilés y Montoya,Reynaldo Ortiz,677.037.3796x728,fierrocynthia@casillas.org
2714,"Laboratorios Páez, Negrón y Apodaca",Esteban Evelio Miramontes,822.394.9708x340,ycoronado@industrias.biz
2715,"Corporacin Beltrán, Juárez y Tijerina",Marisela Luz Lozada Mireles,1-941-883-6808x9880,joaquinalmonte@zamora.com
2716,Rolón-Mota,Caridad Meza Godínez,125.525.0030x8973,dparra@club.com
2717,Proyectos Haro y Cepeda,Jonás Pascual Fuentes,630-392-8586x74360,josefina98@grupo.net
2718,Quiñones-Mateo,Marcos Arenas Villanueva,(718)880-6951,enriquevigil@leal-davila.org
2719,"Ramos, Fernández y Alejandro",Esmeralda Karina Ulibarri Ordóñez,386.461.0781x27794,rodriguezdulce-maria@maya-sepulveda.net
2720,Grupo Zamudio-Barragán,Yolanda Carolina Rosas,+49(1)4185623338,franciscopadilla@duarte.com
2721,Club Cintrón y Maldonado,Ana María Soledad Viera Hernández,09513074552,aguileraleonardo@de.info
2722,Uribe S.A.,Srita. Sofía Correa,(303)078-3716x429,conchita12@saenz-tello.com
2723,Grupo Espinal-Carvajal,Alicia Daniela Ávalos,(992)563-1140x2153,saucedoaldo@despacho.com
2724,Sáenz y Trejo A.C.,Porfirio Sergio Haro Guillen,345-422-3177,oquendojose@lara-crespo.info
2725,"Naranjo, Preciado y Mireles",Alejandra María Luisa Pineda Corona,04163502142,altamiranocamila@casas-irizarry.com
2726,Orellana S.A. de C.V.,Ilse Santacruz Escamilla,+09(4)1244516194,pmercado@acevedo.net
2727,Zúñiga y Sisneros y Asociados,Espartaco Garica,(367)709-8953,ignacio51@balderas.com
2728,Cortez-Casárez,Jaqueline Montez Cervantes,899-308-7130,paezespartaco@mares.com
2729,Durán-Barraza,Juan Carlos Cornelio Arteaga Villanueva,(061)029-6746x97780,rufinovazquez@despacho.org
2730,Laboratorios Maestas y Tórrez,José Emilio Naranjo,1-490-857-4717x715,cynthia48@hernadez.com
2731,"Proyectos Orosco, Villagómez y Olvera",Carlos Tejeda,158-996-0993x26343,zamudioisaac@cotto.net
2732,Corporacin Almonte-Carrasco,Carolina Barrios Raya,1-810-189-7332,helena15@corporacin.org
2733,"Roldán, González y Balderas",Camilo Oquendo,1-728-188-5840x7343,vazquezalfredo@ramos-galindo.biz
2734,"Riojas, Mojica y Urbina",Ing. Ana María Cabán,1-422-709-5577,armandoarreola@gonzalez-pedroza.net
2735,Urrutia S. R.L. de C.V.,Estela Dulce María Marroquín,1-382-018-7767x12944,barriosbeatriz@laboratorios.com
2736,Badillo y Rael S.A.,Laura Conchita Ávalos,(272)447-0996x745,rendoncristobal@colunga.com
2737,Cepeda-Puga e Hijos,Tania Nava Mercado,1-757-681-1200x56555,bernardohernadez@rosario.com
2738,Laboratorios Yáñez y Figueroa,María Cristina Cotto,(707)593-3592x42384,maria-luisa23@industrias.com
2739,Barajas y Arce S.C.,Omar Sosa,01868938395,juan45@bernal.net
2740,"Despacho Gamez, Sarabia y Irizarry",José Luis Urías Tamayo,1-049-193-1873x233,felix95@pedroza.com
2741,Corporacin Laboy y Alvarez,Ofelia Guevara Uribe,983.333.7873x35805,perlavigil@varela-santacruz.com
2742,Mejía S. R.L. de C.V.,Andrea Montez Monroy,(746)422-7300x636,frida04@balderas.com
2743,Juárez e Hijos,Reina Cardona,294.476.3377x9938,hernandezestela@carrera.com
2744,Club Posada y Alba,Sr. Sergio Calvillo,799.705.7973x10802,obarrios@de.com
2745,Solís y Leyva A.C.,Sra. Emilia Córdova,211-388-6918,bprieto@alcaraz.org
2746,Saldivar-Crespo y Asociados,Sr. Luis Valdés,1-845-369-8105,wilfridoaguirre@garibay-lozada.com
2747,Proyectos Galindo-Arguello,Anabel Arteaga,993.456.5139x072,trenteria@haro-garza.biz
2748,Corporacin Vela-Villaseñor,Sra. Luz Urbina,+27(1)5227372263,dcarrasco@olivares-valenzuela.com
2749,Proyectos Ulibarri y Espinal,Mitzy Cano Salcedo,105-245-0357x8354,davidcarrion@laboratorios.org
2750,"Bustos, Marín y Iglesias",Sr. Ángel Méndez,1-997-984-3152x279,carmonaalberto@magana.com
2751,Palomino S.A. de C.V.,Abraham Duarte,006-865-2320x42042,rodrigorivero@ibarra.net
2752,"Industrias Mata, Arriaga y Benítez",Lorenzo Rosas,450-893-2008,maria-eugenia75@despacho.com
2753,"Zelaya, Luevano y Lebrón",Georgina Dulce María Camacho,+29(1)2097658357,rodrigezlilia@chacon.org
2754,Club Véliz-Velázquez,Rocío Dalia Henríquez Valadez,1-294-807-4268,casaresestela@ballesteros-cadena.info
2755,Ledesma-Razo y Asociados,Alma Garay Benítez,(815)736-6409x680,del-rioamador@gaitan.com
2756,Yáñez-Rincón,Iván Quintero Palomino,1-954-408-8885,estradairma@despacho.com
2757,"Proyectos Caballero, Vaca y Alfaro",Socorro Lugo,(296)046-2087x3843,joaquincamarillo@ornelas-godoy.com
2758,Industrias Ruelas y Peres,Carmen Montez,381-547-4329,alejandra75@granados-tafoya.com
2759,Pulido S.A. de C.V.,Sr. Eugenio Velasco,+74(4)3297920222,colonmodesto@aguilera.com
2760,Bahena y Durán e Hijos,Alicia Ana Luisa Mora,061-084-1069,rrojo@miranda.com
2761,"Espinosa, Roybal y Rodrígez",Lorenzo Lucero,178-572-2804,citlalizarate@quinones-lozano.com
2762,Industrias Avilés y Tello,Raquel Araceli Verdugo,08098174552,omaya@club.com
2763,Aponte-Delgadillo,Francisco Olvera,(864)116-9277,guerreromaria-jose@laboratorios.biz
2764,"Industrias Alonso, Guerrero y Preciado",Margarita Benítez Piña,897-293-1901x0185,ricardo05@huerta.info
2765,Garay S. R.L. de C.V.,Pablo Bernardo Roybal,749-079-2328,lorenzo37@club.com
2766,Rael-Pacheco S.A.,Miguel de la Crúz Olvera,(931)858-5218x625,olgamuniz@gallardo.net
2767,Lerma y Escamilla S.A.,Dr. Humberto Vigil,+93(4)2692634448,adalbertoheredia@almanza-nevarez.com
2768,Tamayo-Orellana A.C.,Teodoro Francisco Javier Rendón,286.756.6807x345,bcastellanos@cantu.com
2769,"Mora, Mejía y Archuleta",Marco Antonio Israel Rolón Cervantes,314-642-0207,fmuniz@ortega.net
2770,Fonseca-Luna,Ignacio Juárez,1-762-369-6637x861,abrahamibarra@salcido-salgado.biz
2771,Hernádez y Báez S.A. de C.V.,Dra. Alicia Ortiz,925-191-1556x52927,espinalcristal@corporacin.com
2772,"Rosales, Rodarte y Gaona",Rodrigo Granado,1-502-786-2631x4135,espinozapaola@soria.com
2773,del Valle-Alemán,Arturo Santiago Alva,773-685-2374x761,mesaana-luisa@industrias.com
2774,Acosta S. R.L. de C.V.,Augusto Ángel Munguía,124-076-6786,tapiacatalina@longoria.com
2775,Club Gaytán y Figueroa,Alonso Mario Madera,1-603-107-7735x339,fjaime@corporacin.com
2776,Varela y Tello S. R.L. de C.V.,Eric Reyna Cintrón,+99(3)5251209875,zacarias67@alarcon.info
2777,Trujillo-Rico A.C.,Cristobal Rafaél Almaraz,(703)411-6386x1010,carloscandelaria@esquibel-montalvo.com
2778,Valadez y Alonzo A.C.,Leticia Archuleta Saucedo,(638)419-6284x1944,ylerma@murillo.org
2779,Grupo de la Garza-Barajas,Daniela Vázquez,1-768-538-9335,scastro@despacho.info
2780,"Gollum, Camacho y Tórrez",Srita. María del Carmen Sisneros,985-687-9673x799,carlota88@sisneros.org
2781,"Pulido, Montes y Collazo",Juan Flavio Maestas,786-480-1051x1842,hmaestas@cortez.com
2782,Téllez-Grijalva S.A. de C.V.,Dra. Salma Rolón,(808)352-6273x8276,pulidoeva@otero.com
2783,Blanco y Asociados,Socorro Rocío de la Fuente Páez,01980956069,jose-eduardoguevara@laboratorios.info
2784,Club Molina y Herrera,Aurelio Valladares Romero,1-111-202-7221,eguardado@lucero.org
2785,Industrias Varela y Cazares,Elvira Elena Leiva Alemán,586.354.6923x2662,israel99@ocampo.com
2786,Lebrón y Ceja e Hijos,Lorena Delia Gaitán,912-280-0237x0609,davidlira@reynoso-guillen.com
2787,"Carreón, Crespo y González",Srita. Débora Trujillo,08945497515,olivertamayo@valentin-velasco.com
2788,Alonso-Olivas S.C.,Francisco Javier David Cepeda,(370)903-1346x44390,mendezzoe@grupo.net
2789,Proyectos Esparza y Cepeda,Isabela Amalia Alcántar,02818489364,olga03@baez.info
2790,Fierro-Limón,Noemí Amalia Olivárez,065-612-1747x26723,augusto68@salgado.com
2791,Industrias Perales y Ordóñez,Perla Ruelas,1-073-421-8089x31698,leonelsamaniego@guevara-madera.com
2792,Partida-Palomino S. R.L. de C.V.,Mauro Garrido Muñoz,(675)652-9805,susanaarellano@club.com
2793,"Laboratorios Puga, Almonte y Mercado",Abel Agustín Calderón,1-950-098-7264x6271,wresendez@proyectos.org
2794,Proyectos Merino y Irizarry,José Luis Pablo Cotto,974.247.4258,verdugoabigail@mares.com
2795,"Club Noriega, Ochoa y Galarza",Leonardo Aldo Figueroa,(888)948-9789,fernando72@gastelum.net
2796,Industrias Alarcón-Tamayo,Fidel Bernardo Marrero Espinoza,(025)200-2989x04269,torreshelena@corporacin.biz
2797,Abrego y Villa S. R.L. de C.V.,Soledad Mayte Mendoza Arce,(161)312-1788x881,zenriquez@padron.com
2798,Grupo Granado-Gil,Fabiola Maestas,(611)795-4957,botelloesmeralda@lozano.com
2799,"Laboratorios Batista, Narváez y Espinoza",Blanca Esparta Mesa,08313218167,maderanancy@murillo-orozco.com
2800,Baeza S.C.,Marcos Ángel Robledo Olivares,516-406-4005x8445,cervantesjosefina@club.com
2801,Carmona-Pichardo,Eva Perla Rolón,(483)259-5748,rocio13@club.org
2802,Grupo Herrera y Navarro,Cristina Franco,(818)716-9467x5689,pamelaecheverria@laboratorios.com
2803,Chacón y Mendoza S.C.,Ing. Isabel Beltrán,1-154-636-7621,elviaalcala@cordero.com
2804,"Club Elizondo, Samaniego y Cervántez",Ing. Javier Ruiz,999-875-1194x893,martinotero@industrias.com
2805,Marrero-Jurado,Berta Itzel Vélez Vela,(771)944-5959x61409,trendon@sauceda-lerma.com
2806,Club Hernádez-Anaya,Emilia Nájera Cervántez,322.769.7305x7218,vleiva@grupo.biz
2807,Rocha-Hinojosa,Lic. Dulce María Ledesma,227.918.0554,davalos@valdivia.com
2808,Cintrón y Asociados,Ing. Socorro Ceballos,+56(3)3640976282,qbriones@laboratorios.com
2809,"Guevara, Casillas y Almonte",Ing. Natividad Reséndez,(540)774-8816,agustinleiva@grupo.com
2810,Rubio y Gamez A.C.,María del Carmen Francisca de la Garza Rosales,(943)788-7242x7581,alvaro65@meraz.com
2811,Gallegos-Cardenas S.C.,Lic. Alvaro Niño,488.753.4073x2845,gtorrez@grupo.com
2812,Brito y Aranda S. R.L. de C.V.,David Ricardo Casares Valles,033-497-7593,carlotaquintero@corporacin.com
2813,Lara-Verdugo A.C.,Leticia Saavedra,813-823-1196x76475,omarmoya@ojeda.net
2814,Industrias de Jesús-Durán,Adela Laura Vera Rodríquez,773.084.2985x077,cintronmanuel@tirado.com
2815,"Godoy, Ontiveros y Guevara",Adán Benjamín Montañez Luna,121-491-2286x731,gerardo94@laboratorios.com
2816,Tapia-Meraz,Ana Luisa Díaz,+23(1)5218096124,corneliocarrasco@laboratorios.info
2817,Despacho Soliz y Ayala,Guadalupe María Eugenia Concepción,380.165.8456x324,samuel05@club.com
2818,"Santillán, Camarillo y Mayorga",Sr. Timoteo Soliz,217.729.6229,mauroleyva@rosales.com
2819,"Club Benavídez, Quiñónez y Espinal",Mauricio Isaac Guerrero Alvarado,(766)740-0184x76699,juan59@alva.com
2820,"Proyectos Avilés, Urbina y Heredia",Juana Isabel Correa Anaya,(562)247-1803x88143,dcandelaria@laboratorios.biz
2821,Villareal S.C.,Alberto Rentería Mascareñas,+79(7)5221780667,gmaestas@segura-veliz.com
2822,Barrera S.C.,Marcos Sandoval,263-361-8913,ana96@reyna-curiel.com
2823,Urías y Carreón e Hijos,Esparta Carrero,476.238.0267x09461,rrios@brito.com
2824,Solano-Castañeda,Lic. Amador Herrera,(991)293-6322x80297,beltranmanuel@club.biz
2825,Guevara y Tijerina e Hijos,Julia María Teresa Montaño,09653767039,hildamadera@luevano-gomez.net
2826,Industrias Quintero y Matos,Jorge Gaona Alcaraz,(336)014-6715x1188,inesavila@grupo.net
2827,Granado-Ocampo,Iván Esquivel Rangel,557-663-9408,vasquezgregorio@meraz.com
2828,Club Quintana-Negrete,Dra. Margarita Zayas,(270)192-4675,ilse96@grupo.com
2829,Corporacin Casanova y Rivas,Rodolfo Reséndez Carranza,(508)170-3761x352,ivan81@vera.com
2830,"Corporacin Montalvo, Luevano y Curiel",Carla Eugenia Jurado Quezada,398.792.0148,perlade-la-fuente@club.org
2831,"Tejeda, Partida y Medina",Juan Perales Alvarez,01655865115,granadosaida@negron-urias.net
2832,Ávalos S.C.,Socorro Alicia Moya,(772)136-0084x380,pizarrooscar@club.com
2833,"Vigil, Carrera y Alcántar",Lic. Zoé Sanabria,(872)191-6309x16516,anguloreynaldo@enriquez.com
2834,Rodríquez-Aparicio A.C.,Srita. Hermelinda Sauceda,1-170-200-5550x187,baezteresa@escobar-villalpando.com
2835,Grupo Ceja-Mota,Soledad Jaimes Ferrer,349-232-1243x02583,alejandrogamez@beltran.com
2836,Pichardo y Venegas A.C.,Lic. Guillermo Lugo,309.811.0780x876,hrosales@corporacin.com
2837,Corporacin Rincón y Sepúlveda,Dr. Mauro Arenas,01803361363,bmena@alonzo.com
2838,Laboratorios Noriega y Calderón,Leonardo Genaro Roque,(457)362-5303x4260,esmeraldagracia@grupo.info
2839,Laboratorios Sierra-Rivera,Cristobal Enríquez Zayas,(009)751-1029,pamelajaime@velasco.org
2840,"Mora, Peralta y Rocha",Ofelia Muñiz,645-981-7130x32928,teodoro22@galindo-tovar.com
2841,Grupo Cavazos y Cabán,Gabino Archuleta,+04(2)9560302930,josefina72@de.info
2842,Corral-Arteaga A.C.,Jerónimo José Carlos Orozco Villegas,1-186-062-3143,tlerma@club.com
2843,Corporacin Perea y Centeno,Lilia Elsa Alcaraz Aragón,976.325.2739x76748,gomezmonica@lara-concepcion.com
2844,Club Naranjo y Orozco,Dra. Anabel Mares,140.139.8878,javier95@laboratorios.com
2845,"Proyectos Escobar, Tello y Lerma",René Tejada Santillán,638.028.5212,arroyosalvador@paez-jaramillo.net
2846,Cabán-Nazario S.A. de C.V.,Ing. Esperanza Toledo,032.187.0395x088,jesus35@despacho.org
2847,Pizarro S. R.L. de C.V.,Gabino Jorge Ordóñez,1-622-446-2655,xcasas@raya.com
2848,Montañez-Bravo S.C.,Miguel Homero Ulloa Lucio,1-927-059-9446x173,mauricio60@sanches.info
2849,Pichardo e Hijos,Georgina Abril Barajas Cortez,028-700-7110x648,colungajulio@corporacin.org
2850,Bañuelos y Asociados,Nancy Camacho,(848)946-5411,rodolfodelgado@industrias.biz
2851,Haro-Valadez,Clemente Nicolás Covarrubias Marroquín,186-678-2396,bmedrano@patino.com
2852,"Garrido, Rascón y Valdés",Sara Soledad Tamayo Montes,1-971-189-7248,tamayoesperanza@prieto.com
2853,Terrazas y Reséndez S.A. de C.V.,Cecilia Wendolin Patiño Quintero,326.813.6159x36407,ccepeda@laboratorios.com
2854,Maldonado y Villagómez S.A. de C.V.,Ing. Cristal Leiva,03245912314,jiminezjonas@montoya-soliz.com
2855,Herrera-Monroy e Hijos,Gilberto Francisco Malave,1-825-008-6992,montesdario@espinoza.com
2856,Villarreal-Madrigal y Asociados,Srita. Yolanda Tórrez,1-494-283-5270,calba@benavidez.info
2857,"Lovato, Collazo y Gómez",Reina Barbara Salcedo,032-422-3417x79211,cbahena@curiel-loera.org
2858,"Alcántar, Alva y Cabrera",Modesto Clemente Rosales de la Rosa,+98(4)0270943152,caballeropatricia@casillas.biz
2859,Corporacin Padilla-Bustamante,Leticia Guajardo Pichardo,(864)650-4569x6062,mauro67@industrias.net
2860,Bermúdez y Benavides y Asociados,Luis González,431.331.1270,ulira@club.org
2861,Leiva y Asociados,Ing. Rebeca Burgos,+30(3)3799161850,raquelrios@quinones.com
2862,"Proyectos Aguayo, Zambrano y Fuentes",Jaime Rosales Quiñónez,(140)692-6005x428,wgalvan@leon.net
2863,Carbajal-Quintero S.A. de C.V.,Ing. Humberto Benavídez,882.582.3552,dgil@grupo.biz
2864,Saldivar-Roque,Lic. Micaela Valle,+43(8)1006310595,riojasconchita@herrera-acuna.com
2865,"Santillán, Robles y Carreón",Perla Ana María Rosales,382.109.2009,carrionrodrigo@despacho.com
2866,Vela S. R.L. de C.V.,Dra. María del Carmen Espinoza,836.469.0610x9603,liliacorrea@laboratorios.com
2867,Grupo Niño-Galarza,Guadalupe Helena Salgado Chacón,1-059-250-1887x206,xmurillo@salgado.info
2868,Casillas y Espinal y Asociados,Porfirio Hernández Sandoval,1-972-006-6329,elena89@moreno.net
2869,Club Rivero y Almanza,Anabel Ofelia Saldaña,003.814.0438,buenoangelica@despacho.com
2870,Tejada-Gaitán S.A. de C.V.,Israel Toro,1-842-556-1417,mariano76@calvillo.net
2871,Grupo Muñoz y Romo,Lic. Bianca Olivo,535.246.9360x4259,holguinyuridia@barrientos.com
2872,Valencia-Velasco S. R.L. de C.V.,Pedro Humberto Gracia,1-244-574-3425x95122,vverduzco@industrias.com
2873,Arroyo-Puga,René Juan Urías Montemayor,100-735-9013,silviamora@altamirano.com
2874,"Industrias Collazo, Córdova y Leiva",Adán Elizondo,1-958-885-5739,paolasaenz@grupo.com
2875,Armendáriz-Cervántez e Hijos,Celia Jaqueline Villa,143.539.5956x9172,rodriguezcornelio@club.net
2876,Club Esquibel y Ordóñez,Alvaro Caldera,277.374.8118,roberto87@munguia.org
2877,Torres-Limón,Sr. Rufino Altamirano,+25(5)8782573130,jacoboangulo@club.com
2878,Navarrete e Hijos,Felipe Hernádez,+16(4)7850609337,terancaridad@santiago-maya.com
2879,Laboratorios Barrios-Lomeli,Guillermina Esperanza Terrazas,09322061525,betancourtolga@quezada-rosario.org
2880,Valle y Martínez A.C.,Lic. Alejandro Alba,225-017-7591x748,zapatajose-carlos@proyectos.biz
2881,Manzanares e Hijos,Lic. Adán Rivera,066.057.9652x73983,cadenajaime@villarreal-santacruz.com
2882,Proyectos Briones-Serrato,Lic. Marcela Aguilera,06244451696,galvanirene@guerrero.com
2883,"Industrias Roldán, Soliz y Medrano",Cornelio Matías,1-027-439-3919x16545,margarita06@despacho.com
2884,Mesa y Sanches e Hijos,Ana María Marcela Cortez,093.330.2068,horacioalcantar@gallegos-segovia.com
2885,Industrias Carrasco-Fonseca,Lic. Porfirio Mateo,1-523-266-1038x211,adelgadillo@armas-cazares.com
2886,Guerra-Arreola,Lic. Rosa Orosco,(942)649-7707,gamezserafin@ocasio-delgado.com
2887,Menéndez-Chacón S.C.,Dr. César Ozuna,1-195-759-4190x4549,pugaadriana@laboratorios.org
2888,Corporacin Badillo-Sánchez,Julia Ponce,118-700-7498x900,jbustos@corral.com
2889,Despacho Niño y Negrón,María del Carmen María del Carmen Mateo,(163)592-4445,rayaelvia@malave-reyes.net
2890,Mateo-Nieto,Srita. Rosalia Tello,1-775-142-5807x4221,abelespinosa@gallardo.com
2891,Madrid-Medina,Gerardo Ernesto Guevara Ceja,142.041.7939x5384,aldoroybal@segovia-maestas.biz
2892,"Alba, Zepeda y Alvarez",Jesús Carmona,490-333-1393x60572,rayalorenzo@batista-muro.biz
2893,Paz y del Río S.A.,Lourdes Muñoz,(263)016-1803x0387,jacobo63@despacho.com
2894,Beltrán-Mercado y Asociados,Rosalia Miriam Garza,(299)181-2809,valleenrique@rodrigez.org
2895,Proyectos Saavedra-Rivas,Mauro Silvano Miramontes,785-876-6121x774,zacarias15@murillo.com
2896,Meza y Zapata S. R.L. de C.V.,Ignacio Renato Benavídez Galván,818-012-9558,virginia45@esparza.biz
2897,"Despacho Ramón, Cardenas y Maestas",Sra. Daniela Cardenas,+46(5)2740456454,danieldominguez@granados.com
2898,"Matos, Camacho y Corral",Dra. Margarita Escalante,1-926-337-0095x1139,enriquezhumberto@club.com
2899,"Proyectos Corona, Montenegro y Bravo",Reynaldo Nicolás Lucio,(231)858-3132,fmontoya@feliciano.com
2900,Carvajal y Tello A.C.,Ing. Iván Girón,274-818-7317x852,spreciado@proyectos.biz
2901,Castellanos-Villanueva S.A.,Anabel Mariana Mora,(869)274-2900x39161,chavarriakarla@cardenas-caraballo.com
2902,Aponte y Macías A.C.,Lic. Ricardo Rodarte,748.052.1702,sanabriaoliver@badillo.com
2903,Piña-Ceballos,Dra. Micaela Barragán,+77(1)9676741660,jjaquez@ulloa-soria.com
2904,"Corporacin Chacón, Llamas y Mondragón",Héctor Sarabia Segura,453-868-4512x652,apelayo@granados.com
2905,Corporacin Jimínez-Caballero,Natalia Dolores Echeverría Bueno,02681868506,teodoromelgar@pena-villanueva.info
2906,Abreu-Lomeli,Socorro Ocampo Santana,826.342.4235x92887,alemanalma@corporacin.biz
2907,Club del Valle-Menchaca,Leonor Carvajal,211-408-4874x2615,georgina12@nunez-castillo.info
2908,Rentería-Espinosa S.A.,Alejandro Alberto Peres Cadena,09368952974,de-la-garzajulio@laboratorios.com
2909,Sevilla-Hernandes e Hijos,Perla Prieto Gracia,(384)607-4916x9815,aida61@proyectos.com
2910,Mejía y Carrión y Asociados,Humberto Escalante Jiménez,584-658-9933,ameliaromero@ramos-prieto.net
2911,Espinosa-Sarabia y Asociados,Ing. Agustín Solorzano,477.279.7280x92771,abel04@hidalgo.info
2912,Rojo-Gracia,Beatriz Mercedes Sosa,1-752-452-1642,cabanfrancisco@sosa.org
2913,Hernádez-Valenzuela e Hijos,Carla Botello Bonilla,215-946-3338x17984,emiliaperes@campos.info
2914,Núñez S. R.L. de C.V.,Jesús Girón Estrada,1-019-363-9986x514,cristinahenriquez@enriquez.org
2915,Montaño S.A. de C.V.,Cristal Benavídez Villalpando,+92(6)7125840476,sarabiaursula@proyectos.com
2916,Leiva-Peres A.C.,Omar Verdugo Rincón,1-407-685-6449x25593,patriciotejada@vanegas.biz
2917,Adame S.A.,Adalberto Vicente Quintero Pichardo,653-175-9596,yenirojas@grupo.com
2918,Industrias Guajardo-Loera,Modesto Altamirano,752.696.8575,normabarragan@cano.biz
2919,Grupo Cavazos y Roybal,Karla Araceli Ocampo,1-984-811-7225,delgadoalejandra@magana.com
2920,Grupo Manzanares y Prieto,José María Gaytán Zedillo,180-855-4206x0993,daviles@trujillo.com
2921,Corporacin Aguayo y Pacheco,Omar Mauro Durán,1-820-751-1348,cmojica@valdes.com
2922,Despacho Chapa-Dávila,Sr. Bruno Ruiz,281.595.4312,sandra67@despacho.com
2923,Club Ulibarri y Campos,Sr. Claudio Vergara,873.606.3405,ferrerarturo@montes.com
2924,Industrias Niño y Flórez,Mauricio Rubén Carrera Sarabia,(331)671-6299,eurbina@merino.com
2925,"Corporacin Ceballos, Gurule y Gaona",Cecilia Calvillo Mascareñas,023-247-4687x927,urenaanel@becerra-godinez.com
2926,Laboratorios Montoya y Verdugo,Pilar María Cristina Torres Alemán,(784)178-6793x9369,micaelamadera@salazar-escalante.com
2927,Flórez S.A. de C.V.,Cornelio Ángel Madrid Toledo,01468138933,galarzalinda@farias.com
2928,Proyectos Mejía y Cervantes,Dr. Omar Carrasco,+41(7)6285103016,benito40@industrias.com
2929,Carranza-Suárez,Alejandra Quesada,043.891.1482x1991,abelnunez@proyectos.com
2930,Alonso-Barrientos e Hijos,Linda Florencia Berríos,1-099-575-6811,patriciogaribay@mireles-garica.com
2931,Proyectos Cabrera y Huerta,Srita. Raquel Cervantes,822.359.6347x26247,villegasmiguel-angel@peres-matias.com
2932,Quintanilla y Farías A.C.,María José Cervántez,(403)648-0025x40646,xpichardo@salazar-concepcion.info
2933,Marroquín y Gaona S.A.,Sra. Caridad Figueroa,655-644-1493x00159,gamezmarisela@corporacin.com
2934,Grupo Sarabia-Garrido,Dr. Juan Carlos Jurado,(566)309-0669,maria-eugenia04@despacho.com
2935,"Negrete, Barrera y Meraz",Ariadna Mariana Vélez Coronado,1-300-288-3492x84455,roldanwilfrido@proyectos.net
2936,Estévez e Hijos,Pamela Úrsula Lara Jasso,+00(1)0568977903,mhinojosa@maestas.com
2937,Padrón-Verduzco,Trinidad Miriam Zepeda,(869)797-9348,reina63@rojo-castillo.com
2938,Mata-Castro,Alma Isabela Reyna,1-481-575-8100x1544,emurillo@corporacin.com
2939,Vargas y Toledo S.A. de C.V.,Alta  Gracia Báez,032-870-7896,roquelorena@proyectos.com
2940,Zamora e Hijos,José Luis José Eduardo Regalado,222.232.6017,salvador26@grupo.com
2941,Corporacin Córdova-Frías,Dr. Wilfrido Archuleta,618.456.7278x57302,veronicavillarreal@industrias.com
2942,"Club Rodríguez, González y Flórez",Sra. Rosalia Corrales,03701832740,gabrielquesada@laboratorios.com
2943,Tijerina-Tamez,José Eduardo Mateo Portillo,(515)021-8645x98219,gabriel51@paredes.biz
2944,Urías-Amador,Irene Madera,+30(3)2535559953,aduran@pedraza-aleman.biz
2945,"Proyectos Cintrón, Acevedo y Zelaya",David José Eduardo Vanegas Salazar,967.071.0601,gonzalessalma@garrido.com
2946,Laboratorios Crespo y Haro,Wendolin Magaña Garrido,1-745-365-6026,gmarrero@despacho.net
2947,Corporacin Martínez-Vergara,Cristina Clara Gaytán,724.843.9609x9607,nadiabetancourt@montez.com
2948,Rico A.C.,Raúl Bernal Paz,359.851.5320,marianagil@granados-jurado.com
2949,Aguirre-Bétancourt S.A. de C.V.,Renato Adalberto Avilés Peña,861-577-9932,conchita96@industrias.biz
2950,Proyectos Suárez y Valladares,Ing. Mercedes Alba,02669930054,rpadron@laboratorios.com
2951,Laboratorios Valenzuela-Domínguez,Arcelia Serrano,1-255-126-6917,emiliacortez@escalante.biz
2952,Valdés S.C.,Aida Claudia Ceballos,1-631-650-1240x4034,rosadodelia@saavedra.com
2953,Romero y Rosado y Asociados,Srita. Miriam Ochoa,(047)042-0866,isabel86@corporacin.com
2954,Benítez y Asociados,Cristobal Julio Zayas Madera,05354318705,ulloajeronimo@despacho.com
2955,Grupo Durán y Laureano,Ramiro Lozano Alemán,749-383-4162x32528,tleal@cintron.com
2956,Grupo Chacón y Coronado,Lorena Alejandra Fonseca Villa,(191)658-0643,alma12@paez.net
2957,Medrano S. R.L. de C.V.,Abraham Razo,904-635-0773x188,rocio37@najera.com
2958,"Laboratorios Armendáriz, Vargas y Mascareñas",Evelio de la O,433-506-9844x33890,aidajaquez@burgos.net
2959,Orta S.C.,Ing. Rodolfo Nava,678-689-2685x51270,candelarialourdes@club.com
2960,Alcala y Mayorga S.A. de C.V.,Ing. Lucas Miramontes,05414238614,alfredo94@garza-vaca.com
2961,Proyectos Mota-Serrato,Gustavo Alejandro Bravo,011-905-0442x81645,suarezflavio@osorio.com
2962,Munguía-Campos S. R.L. de C.V.,Carmen Laura Espinal Lovato,1-455-658-2476x82584,nayeli72@despacho.com
2963,Olivera-Alonzo,Darío Porras Sisneros,(967)776-1920,monicarobledo@gutierrez.com
2964,Muro-Quintero S. R.L. de C.V.,Dr. Camilo Ybarra,1-667-116-2535,hectorzepeda@proyectos.com
2965,Terán-Rolón,Srita. Sofía Robles,1-937-275-1315,bcollazo@beltran.net
2966,"Club Robledo, Urrutia y Miramontes",Sr. Martín Vigil,539-341-1236,cristina28@arroyo-nunez.biz
2967,Cortés y Aguayo S.C.,Lic. Iván Adame,1-550-375-0160x55704,csauceda@centeno-gomez.info
2968,Industrias Rodarte-Granado,Marisela Pacheco Solano,642.965.3999,marroquinrufino@bonilla.info
2969,"Laboratorios Caldera, Pichardo y Sotelo",Mariana Eva Ledesma,996-151-6008x0443,magdalena35@abreu-arreola.biz
2970,Aponte y Ramón e Hijos,Aldonza Emilia Jaimes,300.734.1527,victoria21@industrias.com
2971,Lucio S.A.,Ana Luisa Casares,(087)537-4126x0026,vjaquez@benavides.com
2972,Proyectos Anguiano-Olivera,Ignacio René Téllez Reyes,202-825-3655x2205,marcelallamas@gonzalez.com
2973,Canales-Montañez S.C.,Julio César Antonio Zarate,1-467-239-0441,augusto71@franco-sandoval.com
2974,Barrera-Hurtado S.C.,José Eduardo López,1-658-488-5476x206,sonialimon@rubio.com
2975,Despacho Zambrano-Romero,Bianca María Luisa Huerta,1-264-172-2551,andrea88@alonzo-castellanos.com
2976,Cabán A.C.,Andrés Enrique Ochoa,900.199.0739,marisol83@despacho.biz
2977,Regalado e Hijos,Anabel Nadia Riojas del Valle,703.450.5882x0244,svillalpando@industrias.com
2978,Corporacin Salas-Salazar,Lic. Dulce María Aguirre,(214)538-2332,galvezarturo@villasenor-gamez.net
2979,"Serrano, Curiel y Chacón",María Elena Concepción Gurule,1-611-943-6147,carolina29@valdez.com
2980,Mojica-Fuentes A.C.,Sara Hinojosa,(469)048-8356,rufinosaenz@posada-uribe.net
2981,Caraballo y Asociados,María Cristina Araceli Baeza Trejo,696.540.6500x23564,lugoarmando@rendon.com
2982,Despacho Altamirano-Matías,Dr. Jesús Briones,1-718-349-7992,paulinacanales@trevino.com
2983,Ramírez y Toro y Asociados,Susana Sarabia Mejía,919.289.2176x9603,ramirosalas@cordova.biz
2984,Ortiz-Casanova,Silvia Ávila Barrera,(605)035-0907x8611,alonso76@almonte.info
2985,Aponte S. R.L. de C.V.,Leonardo Eugenio Rosas Macías,(646)225-0747x62198,maria-cristinagalvez@vasquez-godinez.com
2986,"Sarabia, Hernández y Vallejo",Ana María Magdalena Barraza Villanueva,1-257-511-7144x0342,omatos@quintanilla.com
2987,Castellanos S.C.,Judith Abigail Echeverría,1-912-615-4098x569,adamemaximiliano@corporacin.com
2988,Guerra S.A.,Ing. Fernando Vela,1-174-221-6598,bravoarcelia@vallejo.biz
2989,Solorio y Zamudio S.A. de C.V.,Martín Zepeda,806-396-8248,salcedosara@industrias.com
2990,Caballero-Menchaca,Claudia Menchaca,+84(3)4211218288,natividadcabrera@corporacin.com
2991,"Grupo Fuentes, Díaz y Cabán",Javier Sergio Muñoz Lozada,1-244-392-2078,alvaradoalma@ulibarri.net
2992,"Laboratorios Ávila, Toledo y Borrego",Rosario María del Carmen Cruz,369.351.0738,cristian53@laboratorios.info
2993,"Despacho Montaño, Loera y Aguayo",Dra. Linda Cadena,1-455-637-8018x715,gaytanadan@ortiz.com
2994,Villarreal S.C.,Eric Sergio Vela,(623)618-1579,aquintero@grupo.net
2995,Arce-Regalado S. R.L. de C.V.,Iván Rincón Noriega,230.335.0123,mercedesadame@candelaria.com
2996,Proyectos Jáquez-Gracia,Sr. José Santillán,212-151-1088,zayasmaria@arroyo-oquendo.com
2997,Corporacin Ortiz y Cabrera,Sr. Alberto Ulibarri,145.286.0689x21744,ealeman@industrias.com
2998,"Laboratorios Zelaya, Treviño y Venegas",Laura Elisa Varela Casárez,007-694-1658x701,gilberto95@perales.com
2999,"Despacho Prieto, Quiroz y Sotelo",Dulce María Alvarez Lebrón,(567)598-1863,silviamacias@grupo.net
3000,Burgos-Carrero S.A.,Esperanza Micaela Camarillo Olivera,698-520-5660,miriam99@grupo.info
